"","title","geo_accession","condition","tissue"
"GSM4041150","Healthy1_Cd45+","GSM4041150","Healthy","Liver"
"GSM4041151","Healthy1_Cd45-A","GSM4041151","Healthy","Liver"
"GSM4041152","Healthy1_Cd45-B","GSM4041152","Healthy","Liver"
"GSM4041153","Healthy2_Cd45+","GSM4041153","Healthy","Liver"
"GSM4041154","Healthy2_Cd45-","GSM4041154","Healthy","Liver"
"GSM4041155","Healthy3_Cd45+","GSM4041155","Healthy","Liver"
"GSM4041156","Healthy3_Cd45-A","GSM4041156","Healthy","Liver"
"GSM4041157","Healthy3_Cd45-B","GSM4041157","Healthy","Liver"
"GSM4041158","Healthy4_Cd45+","GSM4041158","Healthy","Liver"
"GSM4041159","Healthy4_Cd45-","GSM4041159","Healthy","Liver"
"GSM4041160","Healthy5_Cd45+","GSM4041160","Healthy","Liver"
"GSM4041161","Cirrhotic1_Cd45+","GSM4041161","Cirrhosis","Liver"
"GSM4041162","Cirrhotic1_Cd45-A","GSM4041162","Cirrhosis","Liver"
"GSM4041163","Cirrhotic1_Cd45-B","GSM4041163","Cirrhosis","Liver"
"GSM4041164","Cirrhotic2_Cd45+","GSM4041164","Cirrhosis","Liver"
"GSM4041165","Cirrhotic2_CD45-","GSM4041165","Cirrhosis","Liver"
"GSM4041166","Cirrhotic3_CD45+","GSM4041166","Cirrhosis","Liver"
"GSM4041167","Cirrhotic3_Cd45-","GSM4041167","Cirrhosis","Liver"
"GSM4041168","Cirrhotic4_Cd45+","GSM4041168","Cirrhosis","Liver"
"GSM4041169","Cirrhotic5_Cd45+","GSM4041169","Cirrhosis","Liver"
