"ID","Description","GeneRatio","BgRatio","RichFactor","FoldEnrichment","zScore","pvalue","p.adjust","qvalue","geneID","Count"
"GO:0003013","circulatory system process","52/674","367/12380",0.141689373297003,2.60254368162744,7.47800307925553,1.72838465214458e-10,8.72142895472153e-07,8.72142895472153e-07,"VEGFA/SLC6A6/SLC16A12/CACNA1G/ADM2/SLC7A5/ATP2A2/ABCC9/GCH1/KCNE3/AGT/GCLM/NEDD4L/CORIN/BDKRB1/AMOT/PKP2/TGFB2/KCND2/STC1/DDAH1/BDKRB2/KCND3/TBX18/PTGS2/ADRA2A/ABAT/CACNB2/SCN7A/SLC38A2/HSD11B2/ADORA1/SCN1B/SGCD/SLC6A9/ANPEP/CXCL12/PER2/FGF13/TJP2/AGTRAP/SPTBN4/SLC24A3/TRPA1/CLIC2/HTR2A/OXTR/LEP/SLC5A6/PIEZO2/ADRA1B/RAMP3",52
"GO:0008015","blood circulation","44/674","298/12380",0.147651006711409,2.71204668113835,7.17831956336324,1.24780724849533e-09,3.14821768795373e-06,3.14821768795373e-06,"VEGFA/CACNA1G/ADM2/ATP2A2/ABCC9/GCH1/KCNE3/AGT/GCLM/NEDD4L/CORIN/BDKRB1/AMOT/PKP2/TGFB2/KCND2/STC1/DDAH1/BDKRB2/KCND3/TBX18/PTGS2/ADRA2A/ABAT/CACNB2/SCN7A/HSD11B2/ADORA1/SCN1B/SGCD/ANPEP/CXCL12/PER2/FGF13/TJP2/AGTRAP/SPTBN4/TRPA1/CLIC2/HTR2A/OXTR/LEP/PIEZO2/ADRA1B",44
"GO:0007169","cell surface receptor protein tyrosine kinase signaling pathway","55/674","453/12380",0.121412803532009,2.23010461086984,6.40020681062796,1.56879937020725e-08,1.87534479454007e-05,1.87534479454007e-05,"NRG1/VEGFA/APOD/SAMD12/NR4A3/NGF/SOX9/EPHB2/SOCS1/CILP/FLRT3/AGT/NEDD9/ENPP1/FGFR2/IRS2/UBASH3B/FOXO1/MSTN/BDKRB2/BLNK/EPHA4/KANK1/ADRA2A/CRIM1/PIK3R3/PDK4/ADORA1/TRIB3/ANGPTL1/GDF15/EPHB3/MERTK/FGF10/SORBS1/THBS1/IGFBP2/PIK3R1/ERRFI1/GDNF/FGF22/KALRN/BTC/TSPAN32/PAK3/FRK/AFAP1L2/EPHB6/ROBO1/LEP/MTSS1/EPHA5/ARHGEF28/IL31RA/IL12A",55
"GO:1903522","regulation of blood circulation","28/674","157/12380",0.178343949044586,3.27581318868245,6.88598385424144,2.27753426093388e-08,1.87534479454007e-05,1.87534479454007e-05,"CACNA1G/ADM2/ATP2A2/ABCC9/GCH1/KCNE3/AGT/CORIN/PKP2/TGFB2/KCND2/STC1/BDKRB2/KCND3/TBX18/ADRA2A/CACNB2/ADORA1/SCN1B/PER2/FGF13/SPTBN4/TRPA1/CLIC2/HTR2A/OXTR/LEP/ADRA1B",28
"GO:0001944","vasculature development","57/674","483/12380",0.118012422360248,2.16764657094937,6.28108560849304,2.3592237271225e-08,1.87534479454007e-05,1.87534479454007e-05,"VEGFA/APOD/SAT1/EGR2/PDPN/EPHB2/RHOJ/ADM2/CFLAR/SOX4/COL4A3/COL4A1/TYMP/TGFBR2/ADAMTS1/HMOX1/RHOB/BRCA1/NRXN3/NR4A1/ELMO1/PLXDC1/FGFR2/AMOT/S1PR1/WARS1/TGFB2/DDAH1/CCN3/HIF3A/PTGS2/PIK3R3/EPHB3/FGF10/THBS1/BMPER/ANPEP/HPSE/E2F7/VASH2/CXCL12/ERRFI1/ADAM12/SFRP2/TMEM100/EGR3/COL1A1/MFGE8/GLUL/ANG/ACTA2/C6/ROBO1/ANGPTL7/LEP/RGCC/IL12A",57
"GO:0044057","regulation of system process","45/674","340/12380",0.132352941176471,2.43105253971025,6.42022522557332,2.5820752248819e-08,1.87534479454007e-05,1.87534479454007e-05,"LMCD1/EGR2/NR4A3/CACNA1G/ADM2/GRIN2A/ATP2A2/ABCC9/GCH1/KCNE3/AGT/CYP19A1/CORIN/PKP2/TGFB2/KCND2/FOXO1/STC1/MSTN/BDKRB2/CCN3/KCND3/TBX18/TENM4/ADRA2A/ABAT/CACNB2/KCNB2/ADORA1/C1QTNF1/SCN1B/FGF10/INHBB/ERRFI1/PER2/FGF13/SPTBN4/TMEM100/FOXO3/TRPA1/CLIC2/HTR2A/OXTR/LEP/ADRA1B",45
"GO:0043408","regulation of MAPK cascade","52/674","423/12380",0.122931442080378,2.25799889162475,6.31695520732074,2.60154846646463e-08,1.87534479454007e-05,1.87534479454007e-05,"DUSP1/RASSF2/NRG1/VEGFA/PER1/GADD45G/TNIK/NGF/EPHB2/NKD1/DUSP5/ATF3/CFLAR/GPR37/NAMPT/CCN2/AGT/FGFR2/TGFB2/CCN1/FOXO1/IL34/PSCA/EPHA4/LBH/ADRA2A/SACK1D/ADORA1/TRIB3/GDF15/FGF10/THBS1/BMPER/NRK/ERRFI1/LMO3/DUSP8/DUSP10/P2RX7/FGF22/PAK3/NEK10/HTR2A/PLCG2/ACTA2/LIF/ROBO1/LEP/SEMA3A/GADD45B/ADRA1B/RAMP3",52
"GO:0001568","blood vessel development","53/674","464/12380",0.114224137931034,2.09806354241277,5.7848178060882,2.17544602255108e-07,0.000137216257872409,0.000137216257872409,"VEGFA/APOD/SAT1/EGR2/EPHB2/RHOJ/ADM2/CFLAR/SOX4/COL4A3/COL4A1/TYMP/TGFBR2/ADAMTS1/HMOX1/RHOB/BRCA1/NRXN3/NR4A1/ELMO1/PLXDC1/FGFR2/AMOT/S1PR1/WARS1/TGFB2/DDAH1/CCN3/HIF3A/PTGS2/PIK3R3/EPHB3/FGF10/THBS1/BMPER/ANPEP/HPSE/E2F7/VASH2/ADAM12/SFRP2/TMEM100/EGR3/COL1A1/MFGE8/GLUL/ANG/ACTA2/C6/ROBO1/LEP/RGCC/IL12A",53
"GO:0032970","regulation of actin filament-based process","40/674","309/12380",0.129449838187702,2.37772848184533,5.88490858907212,2.84169355826727e-07,0.000159324285500185,0.000159324285500185,"MYADM/RAC3/PDPN/SSH2/LMOD1/GPM6B/ATP2A2/SYNPO2/KANK4/ARHGAP28/CCN2/NEDD9/CDC42EP3/WASF3/AMOT/PKP2/CIT/S1PR1/TGFB2/STC1/KANK1/FAM107A/ADORA1/SIGLEC15/DAAM2/RND2/CARMIL1/PIK3R1/PRKCE/CXCL12/FGF13/SPTBN4/CORO2B/PAK3/CRACD/RND1/ACTA2/MTSS1/RGCC/DNAI3",40
"GO:0003015","heart process","25/674","152/12380",0.164473684210526,3.02104482273934,6.01573219311915,6.39515954406408e-07,0.000303090058866595,0.000303090058866595,"CACNA1G/ADM2/ATP2A2/ABCC9/GCH1/KCNE3/AGT/NEDD4L/CORIN/PKP2/TGFB2/KCND2/STC1/KCND3/TBX18/CACNB2/SCN7A/ADORA1/SCN1B/SGCD/FGF13/SPTBN4/CLIC2/ADRA1B/RAMP3",25
"GO:0009887","animal organ morphogenesis","48/674","417/12380",0.115107913669065,2.11429669320923,5.55414594824999,6.60719510014378e-07,0.000303090058866595,0.000303090058866595,"NRG1/VEGFA/LCTL/SOX9/FAM20A/EPHB2/NKD1/ABLIM1/CHD7/SAMD11/APCDD1/WNT2/SOX4/AXIN2/FZD5/TGFBR2/TUBA1A/AGT/AQP3/FGFR2/PKP2/S1PR1/TGFB2/LGR4/STC1/LFNG/TBX18/ASXL3/COL28A1/TMEM119/COL11A1/FGF10/ADAMTS5/FBN2/ALDH1A3/ERRFI1/GDNF/SFRP4/SFRP2/ACTG2/EDA/TMT1A/COL1A1/ACTA2/LIF/ROBO1/CITED2/MICAL2",48
"GO:0060047","heart contraction","24/674","144/12380",0.166666666666667,3.06132542037587,5.97003037482448,8.35125280609496e-07,0.000340699101865178,0.000340699101865178,"CACNA1G/ADM2/ATP2A2/ABCC9/GCH1/KCNE3/AGT/NEDD4L/CORIN/PKP2/TGFB2/KCND2/STC1/KCND3/TBX18/CACNB2/SCN7A/ADORA1/SCN1B/SGCD/FGF13/SPTBN4/CLIC2/ADRA1B",24
"GO:0003012","muscle system process","40/674","323/12380",0.123839009287926,2.27466904300374,5.56990180850765,9.11649596696787e-07,0.000340699101865178,0.000340699101865178,"LMCD1/NR4A3/KLF15/CACNA1G/MYH13/CFLAR/LMOD1/MYOZ2/ATP2A2/HMOX1/KCNE3/AGT/PDLIM5/NEDD4L/PKP2/KCND2/FOXO1/STC1/MSTN/BDKRB2/KCND3/ADRA2A/ABAT/CACNB2/KCNB2/SCN7A/ADORA1/SCN1B/ERRFI1/FGF13/GDNF/FOXO3/TRPA1/CLIC2/HTR2A/ACTA2/OXTR/LEP/ADRA1B/APBB2",40
"GO:0048514","blood vessel morphogenesis","49/674","435/12380",0.11264367816092,2.06903373239196,5.44642378251872,9.56774508365118e-07,0.000340699101865178,0.000340699101865178,"VEGFA/APOD/SAT1/EPHB2/RHOJ/ADM2/SOX4/COL4A3/COL4A1/TYMP/TGFBR2/ADAMTS1/HMOX1/RHOB/BRCA1/NRXN3/NR4A1/ELMO1/PLXDC1/FGFR2/AMOT/S1PR1/WARS1/TGFB2/DDAH1/CCN3/HIF3A/PTGS2/PIK3R3/EPHB3/FGF10/THBS1/BMPER/ANPEP/HPSE/E2F7/VASH2/ADAM12/SFRP2/TMEM100/EGR3/MFGE8/GLUL/ANG/C6/ROBO1/LEP/RGCC/IL12A",49
"GO:0001525","angiogenesis","46/674","398/12380",0.115577889447236,2.12292918598929,5.46383678852923,1.01277973206058e-06,0.000340699101865178,0.000340699101865178,"VEGFA/APOD/SAT1/EPHB2/RHOJ/ADM2/COL4A3/COL4A1/TYMP/TGFBR2/ADAMTS1/HMOX1/RHOB/BRCA1/NRXN3/NR4A1/PLXDC1/FGFR2/AMOT/S1PR1/WARS1/TGFB2/DDAH1/CCN3/HIF3A/PTGS2/PIK3R3/EPHB3/FGF10/THBS1/BMPER/ANPEP/HPSE/E2F7/VASH2/ADAM12/SFRP2/EGR3/MFGE8/GLUL/ANG/C6/ROBO1/LEP/RGCC/IL12A",46
"GO:0007411","axon guidance","23/674","137/12380",0.167883211678832,3.08367086140051,5.88455934705692,1.23780458122397e-06,0.000390372619803508,0.000390372619803508,"VEGFA/RAC3/EPHB2/FLRT3/NRXN3/SEMA6D/PLEKHG4/EPHA4/TENM4/SCN1B/EPHB3/LGI1/NEXN/CXCL12/PLXNA4/GDNF/KALRN/RPS6KA5/EPHB6/ROBO1/SEMA3A/EPHA5/KIAA1755",23
"GO:0097485","neuron projection guidance","23/674","138/12380",0.166666666666667,3.06132542037587,5.84289907151938,1.41074011594725e-06,0.000418740860298226,0.000418740860298226,"VEGFA/RAC3/EPHB2/FLRT3/NRXN3/SEMA6D/PLEKHG4/EPHA4/TENM4/SCN1B/EPHB3/LGI1/NEXN/CXCL12/PLXNA4/GDNF/KALRN/RPS6KA5/EPHB6/ROBO1/SEMA3A/EPHA5/KIAA1755",23
"GO:0030335","positive regulation of cell migration","47/674","421/12380",0.111638954869359,2.05057902267457,5.26248425718999,2.06063109987263e-06,0.000577663584997627,0.000577663584997627,"VEGFA/MYADM/TNFAIP6/NR4A3/SOX9/PDPN/EPHB2/ARHGEF2/RHOJ/SYNPO2/ADAMTS1/HMOX1/CCL8/RHOB/AGT/NEDD9/SEMA6D/BDKRB1/AMOT/S1PR1/TGFB2/CCN1/IL34/MSTN/EPHA4/FAM107A/PTGS2/ADRA2A/PIK3R3/SUN2/DAAM2/LRRC15/FGF10/ENPP2/THBS1/CARMIL1/DAPK2/PRKCE/HPSE/CXCL12/MMP7/CCL7/COL1A1/PLCG2/ACTA2/SEMA3A/IL12A",47
"GO:0030198","extracellular matrix organization","29/674","207/12380",0.140096618357488,2.57328803451884,5.47725639706837,2.55926980426744e-06,0.000645703771616675,0.000645703771616674,"PDPN/CFLAR/COL4A3/AXIN2/COL4A1/GPM6B/ADAMTS1/ADAMTSL1/AGT/COL27A1/DPT/TGFB2/MMP15/POSTN/CCN3/COL28A1/COL11A1/ADAMTS5/HPSE/MMP7/NID1/LAMA2/COL4A4/COL7A1/ADAMTS14/COL1A1/MMP10/ANGPTL7/RGCC",29
"GO:0043062","extracellular structure organization","29/674","207/12380",0.140096618357488,2.57328803451884,5.47725639706837,2.55926980426744e-06,0.000645703771616675,0.000645703771616674,"PDPN/CFLAR/COL4A3/AXIN2/COL4A1/GPM6B/ADAMTS1/ADAMTSL1/AGT/COL27A1/DPT/TGFB2/MMP15/POSTN/CCN3/COL28A1/COL11A1/ADAMTS5/HPSE/MMP7/NID1/LAMA2/COL4A4/COL7A1/ADAMTS14/COL1A1/MMP10/ANGPTL7/RGCC",29
"GO:0045229","external encapsulating structure organization","29/674","209/12380",0.138755980861244,2.54866326863828,5.41795607207742,3.11356974425094e-06,0.000748146329975726,0.000748146329975726,"PDPN/CFLAR/COL4A3/AXIN2/COL4A1/GPM6B/ADAMTS1/ADAMTSL1/AGT/COL27A1/DPT/TGFB2/MMP15/POSTN/CCN3/COL28A1/COL11A1/ADAMTS5/HPSE/MMP7/NID1/LAMA2/COL4A4/COL7A1/ADAMTS14/COL1A1/MMP10/ANGPTL7/RGCC",29
"GO:0008016","regulation of heart contraction","21/674","125/12380",0.168,3.08581602373887,5.62396770389277,3.533069202023e-06,0.000810357599700366,0.000810357599700366,"CACNA1G/ADM2/ATP2A2/ABCC9/GCH1/KCNE3/AGT/CORIN/PKP2/TGFB2/KCND2/STC1/KCND3/TBX18/CACNB2/ADORA1/SCN1B/FGF13/SPTBN4/CLIC2/ADRA1B",21
"GO:0048871","multicellular organismal-level homeostasis","50/674","470/12380",0.106382978723404,1.95403750236757,5.05972560124111,3.92527696433933e-06,0.000857119010737829,0.000857119010737829,"VEGFA/GADD45G/NR4A3/G0S2/INPP5D/SOX9/TSC22D3/HMOX1/CUBN/TNFSF13B/TUBA1A/AQP3/S1PR1/UBASH3B/DIO2/ADCY4/FOXO1/LGR4/CCN3/PTGS2/FABP4/ABAT/MCHR1/MAFB/PDK4/ADORA1/SIGLEC15/HMGB2/TMEM119/GDF15/ADCY8/ADAMTS5/SCD/HBA2/PER2/TJP2/LAMA2/P2RX7/HBA1/FOXO3/GLUL/CRACD/HTR2A/ACSL1/OXTR/LEP/ADCY1/SEPTIN4/ACP5/APBB2",50
"GO:0071363","cellular response to growth factor stimulus","52/674","497/12380",0.104627766599598,1.92179784941101,5.03291164482482,4.07666592503129e-06,0.000857119010737829,0.000857119010737829,"JUN/VEGFA/TNFAIP6/NGF/SOX9/CFLAR/WNT2/TGFBR2/CILP/FLRT3/AGT/GCLM/NR4A1/PMEPA1/FGFR2/CHRDL2/TGFB2/SORT1/GDF5/CCN1/MSTN/FSTL5/CCN3/CRIM1/TMEM119/GDF15/FGF10/THBS1/BMPER/VCAM1/FBN2/CDKN2B/ERRFI1/FSTL3/FGF22/SFRP4/GDF7/SAP30/TMEM100/FOXO3/TSPAN32/EGR3/COL1A1/ING2/ACTA2/ROBO1/RGCC/ACVR1C/FST/CITED2/IL12A/TSC22D1",52
"GO:0032870","cellular response to hormone stimulus","50/674","473/12380",0.105708245243129,1.9416440298367,5.01054100525046,4.70084032303582e-06,0.00094881761080155,0.00094881761080155,"DUSP1/GPR150/CAMK2A/PER1/NR4A3/DHRS3/KLF15/NCOA3/NR0B1/CFLAR/AXIN2/SOCS1/AGT/ENPP1/BRCA1/GCLM/NR4A1/PMEPA1/KLF9/IRS2/ADCY4/FOXO1/STC1/GNG2/MSTN/KANK1/FAM107A/LBH/ADRA2A/CCKAR/PIK3R3/KLF5/PDK4/TRIB3/GDF15/SORBS1/ADCY8/INHBB/IGFBP2/PIK3R1/CYP24A1/ERRFI1/LMO3/AGTRAP/RXFP1/FOXO3/OXTR/LEP/ADCY1/RAMP3",50
"GO:2000147","positive regulation of cell motility","47/674","435/12380",0.108045977011494,1.9845833759678,5.01617315923709,5.07023417659316e-06,0.000984015448272657,0.000984015448272657,"VEGFA/MYADM/TNFAIP6/NR4A3/SOX9/PDPN/EPHB2/ARHGEF2/RHOJ/SYNPO2/ADAMTS1/HMOX1/CCL8/RHOB/AGT/NEDD9/SEMA6D/BDKRB1/AMOT/S1PR1/TGFB2/CCN1/IL34/MSTN/EPHA4/FAM107A/PTGS2/ADRA2A/PIK3R3/SUN2/DAAM2/LRRC15/FGF10/ENPP2/THBS1/CARMIL1/DAPK2/PRKCE/HPSE/CXCL12/MMP7/CCL7/COL1A1/PLCG2/ACTA2/SEMA3A/IL12A",47
"GO:0001503","ossification","33/674","262/12380",0.125954198473282,2.31352073753596,5.15632847016776,5.7167495529709e-06,0.00106839697201078,0.00106839697201078,"ITGA11/TNFAIP6/LRRC17/SOX9/GPM6B/IGSF10/ZBTB16/CCN2/ENPP1/FGFR2/CHRDL2/S1PR1/SORT1/GDF5/CCN1/LGR4/STC1/TENT5A/CCN3/CRIM1/TMEM119/PKDCC/IGFBP2/FBN2/CYP24A1/P2RX7/FSTL3/SLC24A3/TMT1A/COL1A1/ZHX3/LEP/DNAI3",33
"GO:0051952","regulation of amine transport","10/674","33/12380",0.303030303030303,5.56604621886521,6.30209606441364,6.3191849472239e-06,0.00113880740156042,0.00113880740156042,"SLC7A5/ADRA2A/ABAT/SLC38A2/ADORA1/CXCL12/PER2/GDNF/HTR2A/LEP",10
"GO:2000146","negative regulation of cell motility","30/674","229/12380",0.131004366812227,2.40628198981509,5.15409732861133,6.90485674964235e-06,0.00118768132093492,0.00118768132093492,"DUSP1/APOD/TNFAIP6/ADARB1/HMOX1/RHOB/NEDD9/FRMD5/NAV3/STC1/CCN3/EPHA4/KANK1/ALOX15B/GDF15/SPINT2/THBS1/RAP2B/CXCL12/DUSP10/SFRP2/SAP30/FOXO3/ING2/MCTP1/ROBO1/RGCC/ACVR1C/DNAI3/CITED2",30
"GO:0050678","regulation of epithelial cell proliferation","27/674","195/12380",0.138461538461538,2.54325496461995,5.2120754211194,7.06112557036219e-06,0.00118768132093492,0.00118768132093492,"VEGFA/NR4A3/SOX9/CFLAR/COL4A3/HMOX1/NR4A1/FGFR2/KLF9/TGFB2/GDF5/HMGB2/FGF10/THBS1/CDKN2B/VASH2/CXCL12/ERRFI1/DUSP10/SFRP2/EGR3/ANG/ROBO1/LEP/MTSS1/RGCC/IL12A",27
"GO:0040017","positive regulation of locomotion","47/674","444/12380",0.105855855855856,1.94435533456305,4.86257135973286,8.78575758542641e-06,0.00143009460567941,0.00143009460567941,"VEGFA/MYADM/TNFAIP6/NR4A3/SOX9/PDPN/EPHB2/ARHGEF2/RHOJ/SYNPO2/ADAMTS1/HMOX1/CCL8/RHOB/AGT/NEDD9/SEMA6D/BDKRB1/AMOT/S1PR1/TGFB2/CCN1/IL34/MSTN/EPHA4/FAM107A/PTGS2/ADRA2A/PIK3R3/SUN2/DAAM2/LRRC15/FGF10/ENPP2/THBS1/CARMIL1/DAPK2/PRKCE/HPSE/CXCL12/MMP7/CCL7/COL1A1/PLCG2/ACTA2/SEMA3A/IL12A",47
"GO:0006935","chemotaxis","34/674","281/12380",0.120996441281139,2.2224568888138,4.97370981924888,9.97443894026835e-06,0.00152518239068467,0.00152518239068467,"DUSP1/NRG1/VEGFA/TNFAIP6/RAC3/ACKR2/TYMP/CH25H/FLRT3/CCL8/NEDD9/NR4A1/SEMA6D/S1PR1/TGFB2/CCN1/IL34/MSTN/CCN3/HMGB2/FGF10/ENPP2/THBS1/VCAM1/DAPK2/CXCL12/PLXNA4/GDNF/CCL7/EGR3/ACKR4/ROBO1/SEMA3A/IL12A",34
"GO:0042330","taxis","34/674","281/12380",0.120996441281139,2.2224568888138,4.97370981924888,9.97443894026835e-06,0.00152518239068467,0.00152518239068467,"DUSP1/NRG1/VEGFA/TNFAIP6/RAC3/ACKR2/TYMP/CH25H/FLRT3/CCL8/NEDD9/NR4A1/SEMA6D/S1PR1/TGFB2/CCN1/IL34/MSTN/CCN3/HMGB2/FGF10/ENPP2/THBS1/VCAM1/DAPK2/CXCL12/PLXNA4/GDNF/CCL7/EGR3/ACKR4/ROBO1/SEMA3A/IL12A",34
"GO:0040013","negative regulation of locomotion","30/674","235/12380",0.127659574468085,2.34484500284109,4.99431436063313,1.15970931647712e-05,0.00172114506204222,0.00172114506204222,"DUSP1/APOD/TNFAIP6/ADARB1/HMOX1/RHOB/NEDD9/FRMD5/NAV3/STC1/CCN3/EPHA4/KANK1/ALOX15B/GDF15/SPINT2/THBS1/RAP2B/CXCL12/DUSP10/SFRP2/SAP30/FOXO3/ING2/MCTP1/ROBO1/RGCC/ACVR1C/DNAI3/CITED2",30
"GO:0141091","transforming growth factor beta receptor superfamily signaling pathway","31/674","248/12380",0.125,2.2959940652819,4.94687711503337,1.27616084489067e-05,0.0018398593209481,0.0018398593209481,"JUN/TNFAIP6/TGFBR2/CILP/PMEPA1/CHRDL2/TGFB2/GDF5/CCN1/MSTN/FSTL5/CCN3/CRIM1/TMEM119/GDF15/THBS1/BMPER/INHBB/FBN2/CDKN2B/FSTL3/SFRP4/GDF7/SAP30/TMEM100/ING2/RGCC/ACVR1C/FST/CITED2/TSC22D1",31
"GO:0050673","epithelial cell proliferation","29/674","225/12380",0.128888888888889,2.36742499175734,4.96690393454717,1.34511100032324e-05,0.00184316479316234,0.00184316479316234,"VEGFA/NR4A3/SOX9/CFLAR/COL4A3/HMOX1/NR4A1/FGFR2/KLF9/TGFB2/GDF5/CCN3/HMGB2/FGF10/THBS1/BMPER/CDKN2B/VASH2/CXCL12/ERRFI1/DUSP10/SFRP2/EGR3/ANG/ROBO1/LEP/MTSS1/RGCC/IL12A",29
"GO:0043410","positive regulation of MAPK cascade","34/674","285/12380",0.119298245614035,2.19126451142694,4.88198192945974,1.35150807267155e-05,0.00184316479316234,0.00184316479316234,"RASSF2/NRG1/VEGFA/GADD45G/TNIK/NGF/NKD1/CFLAR/GPR37/NAMPT/CCN2/FGFR2/TGFB2/IL34/EPHA4/ADRA2A/ADORA1/GDF15/FGF10/THBS1/BMPER/NRK/FGF22/NEK10/HTR2A/PLCG2/ACTA2/LIF/ROBO1/LEP/SEMA3A/GADD45B/ADRA1B/RAMP3",34
"GO:0031214","biomineral tissue development","17/674","97/12380",0.175257731958763,3.21912569977668,5.26482589762876,1.67449158544182e-05,0.00219307104385723,0.00219307104385723,"SOX9/FAM20A/GPM6B/CDON/ENPP1/FGFR2/S1PR1/CCN1/LGR4/TENT5A/TMEM119/PKDCC/FBN2/P2RX7/SLC24A3/COL1A1/LEP",17
"GO:0032956","regulation of actin cytoskeleton organization","33/674","276/12380",0.119565217391304,2.1961682363566,4.82226218480276,1.7242861092963e-05,0.00219307104385723,0.00219307104385723,"MYADM/RAC3/SSH2/LMOD1/GPM6B/SYNPO2/KANK4/ARHGAP28/CCN2/NEDD9/CDC42EP3/WASF3/AMOT/CIT/S1PR1/TGFB2/KANK1/FAM107A/SIGLEC15/DAAM2/RND2/CARMIL1/PIK3R1/PRKCE/CXCL12/SPTBN4/CORO2B/PAK3/CRACD/RND1/MTSS1/RGCC/DNAI3",33
"GO:0051046","regulation of secretion","40/674","364/12380",0.10989010989011,2.01845632112694,4.73240178879628,1.73846297570926e-05,0.00219307104385723,0.00219307104385723,"NRG1/CAMK2A/CHD7/SOX4/SNCAIP/LGI3/AGT/CYP19A1/CORIN/IRS2/TGFB2/FOXO1/STC1/CCN3/ADRA2A/ABAT/CCKAR/SLC38A2/ADORA1/C1QTNF1/CADPS2/FGF10/ADCY8/INHBB/TRPV6/CXCL12/PER2/GDNF/RAB27B/TRPA1/RAB11FIP1/ANG/MCTP1/HTR2A/LIF/LEP/RGCC/EPHA5/SEPTIN4/IL12A",40
"GO:0007015","actin filament organization","40/674","366/12380",0.109289617486339,2.0074265051645,4.69438356388247,1.97598943036682e-05,0.00243191284527585,0.00243191284527585,"MYADM/RAC3/ARHGEF2/SSH2/RHOJ/LMOD1/SYNPO2/AIF1L/KANK4/ARHGAP28/CCN2/RHOB/NEDD9/CDC42EP3/WASF3/ELMO1/AMOT/S1PR1/MARCKSL1/CORO6/KANK1/FAM107A/GAS2L3/DAAM2/RND2/SORBS1/CARMIL1/PIK3R1/PRKCE/CXCL12/SPTBN4/CORO2B/PAK3/ANG/CRACD/RND1/MTSS1/RGCC/DNAI3/MICAL2",40
"GO:0045785","positive regulation of cell adhesion","35/674","304/12380",0.115131578947368,2.11473137591754,4.72186900574505,2.1857544102341e-05,0.00257524170274726,0.00257524170274726,"NRG1/VEGFA/MYADM/RAC3/NR4A3/PDPN/SOX4/TGFBR2/SOCS1/ZBTB16/NEDD9/FRMD5/TGFB2/TNFSF9/EPHA4/SMARCD2/ICOSLG/MAP3K8/CARMIL1/VCAM1/IGFBP2/HPSE/CXCL12/NID1/LAMA2/DUSP10/IL4I1/FSTL3/SFRP2/FOXO3/HTR2A/LIF/LEP/CITED2/IL12A",35
"GO:0030336","negative regulation of cell migration","28/674","219/12380",0.127853881278539,2.34841402111025,4.83091218190049,2.19451829603909e-05,0.00257524170274726,0.00257524170274726,"DUSP1/APOD/TNFAIP6/ADARB1/HMOX1/RHOB/NEDD9/NAV3/STC1/CCN3/EPHA4/KANK1/ALOX15B/GDF15/THBS1/RAP2B/CXCL12/DUSP10/SFRP2/SAP30/FOXO3/ING2/MCTP1/ROBO1/RGCC/ACVR1C/DNAI3/CITED2",28
"GO:0050680","negative regulation of epithelial cell proliferation","14/674","71/12380",0.197183098591549,3.62184979312074,5.31611130742559,2.34817749078396e-05,0.00269293264056724,0.00269293264056724,"SOX9/COL4A3/FGFR2/KLF9/TGFB2/GDF5/THBS1/CDKN2B/DUSP10/SFRP2/ROBO1/MTSS1/RGCC/IL12A",14
"GO:0007178","cell surface receptor protein serine/threonine kinase signaling pathway","32/674","269/12380",0.118959107806691,2.18503524428315,4.71504535572381,2.55581005587743e-05,0.00286591500932389,0.00286591500932389,"JUN/TNFAIP6/TGFBR2/CILP/INHBE/PMEPA1/CHRDL2/TGFB2/GDF5/CCN1/MSTN/FSTL5/CCN3/CRIM1/TMEM119/GDF15/THBS1/BMPER/INHBB/FBN2/CDKN2B/FSTL3/SFRP4/GDF7/SAP30/TMEM100/ING2/RGCC/ACVR1C/FST/CITED2/TSC22D1",32
"GO:0010817","regulation of hormone levels","34/674","295/12380",0.115254237288136,2.11698435849721,4.65911298172882,2.79577820222621e-05,0.00306684713226815,0.00306684713226815,"DHRS3/CHD7/ADH1B/SOX4/SLC7A5/AGT/CPA4/CYP19A1/CORIN/IRS2/DIO2/PNPLA2/FOXO1/CCN3/ADRA2A/ABAT/CCKAR/HSD17B6/RBP1/PLB1/ADORA1/C1QTNF1/ADH1A/ADCY8/INHBB/ALDH1A3/ANPEP/PER2/TRPA1/RAB11FIP1/LIF/LEP/EPHA5/ADH1C",34
"GO:0046849","bone remodeling","11/674","48/12380",0.229166666666667,4.20932245301682,5.3454673968908,4.08151318798791e-05,0.00438198203118872,0.00438198203118873,"INPP5D/S1PR1/UBASH3B/GDF5/LGR4/PDK4/SIGLEC15/TMEM119/P2RX7/LEP/ACP5",11
"GO:0002521","leukocyte differentiation","38/674","353/12380",0.107648725212465,1.97728667378385,4.46991375667165,4.43665071934112e-05,0.00466402906870735,0.00466402906870735,"VEGFA/TNFAIP6/LRRC17/INPP5D/BATF3/CHD7/CFLAR/SOX4/BATF2/TGFBR2/SOCS1/ZBTB16/TNFSF13B/NEDD9/UBASH3B/TNFSF9/IL34/LFNG/BLNK/NFIL3/SMARCD2/PIK3R3/MAFB/SIGLEC15/ICOSLG/CAMK4/VCAM1/PIK3R1/DUSP10/IL4I1/FSTL3/FOXO3/KLF6/PLCG2/PRDM1/LIF/LEP/IL31RA",38
"GO:0090066","regulation of anatomical structure size","35/674","318/12380",0.110062893081761,2.02162999458784,4.42859538260005,5.61632426899934e-05,0.00578366780844299,0.00578366780844299,"VEGFA/MYADM/ULK2/SSH2/LMOD1/KANK4/ARHGAP28/AGT/CDC42EP3/GCLM/SEMA6D/AMOT/DNM1/BDKRB2/KANK1/ADRA2A/GPRC5B/ADORA1/DAAM2/KCNK6/CARMIL1/PRKCE/CXCL12/PLXNA4/PER2/FGF13/P2RX7/SPTBN4/PAK3/CRACD/HTR2A/OXTR/LEP/SEMA3A/ADRA1B",35
"GO:0007186","G protein-coupled receptor signaling pathway","44/674","439/12380",0.100227790432802,1.84097929608025,4.30492594456041,6.39789278380224e-05,0.00645675339741322,0.00645675339741323,"GPR150/INPP5A/GPR68/CAMK2A/VEGFA/ADM2/GPR37/ACKR2/FZD5/CCL8/AGT/BDKRB1/S1PR1/DGKB/ADCY4/LGR4/GNG2/RGS6/BDKRB2/ADRA2A/MCHR1/CCKAR/GPRC5B/FZD8/ADORA1/P2RY14/KCTD12/ALOX15B/PLPPR4/ADCY8/CXCL12/GUCY2D/AGTRAP/CCL7/RXFP1/HTR2A/ACKR4/GPR63/ROBO1/OXTR/ADRA1B/SORCS2/ADCY1/RAMP3",44
"GO:0061564","axon development","34/674","309/12380",0.110032362459547,2.02106920956853,4.36145368307884,7.19053928234604e-05,0.00711440416053296,0.00711440416053296,"VEGFA/ULK2/APOD/RAC3/EPHB2/GPM6B/FLRT3/NRXN3/FGFR2/SEMA6D/PLEKHG4/EPHA4/TENM4/SCN1B/EPHB3/LGI1/PLPPR4/NEXN/VASH2/CXCL12/PLXNA4/FGF13/GDNF/SPTBN4/KALRN/SLITRK6/PAK3/SCARF1/RPS6KA5/EPHB6/ROBO1/SEMA3A/EPHA5/KIAA1755",34
"GO:0050886","endocrine process","11/674","51/12380",0.215686274509804,3.96171524989818,5.08549150448712,7.41095813690108e-05,0.00719147976130824,0.00719147976130824,"AGT/CYP19A1/CORIN/HSD11B2/C1QTNF1/INHBB/ANPEP/RAB11FIP1/OXTR/LEP/PIEZO2",11
"GO:0070371","ERK1 and ERK2 cascade","25/674","199/12380",0.125628140703518,2.30753172390141,4.46175553587272,7.98850574485419e-05,0.00757591018478008,0.00757591018478008,"DUSP1/NRG1/VEGFA/NGF/SOX9/EPHB2/DUSP5/ATF3/CFLAR/NAMPT/CCN2/FGFR2/CCN1/PSCA/EPHA4/SACK1D/FGF10/BMPER/ERRFI1/LMO3/DUSP10/NEK10/HTR2A/ACTA2/RAMP3",25
"GO:0070252","actin-mediated cell contraction","14/674","79/12380",0.177215189873418,3.25508019381738,4.82473869132648,8.10739496587642e-05,0.00757591018478008,0.00757591018478008,"PDPN/CACNA1G/ATP2A2/KCNE3/NEDD4L/PKP2/STC1/KCND3/CACNB2/SCN7A/ADORA1/SCN1B/FGF13/ACTA2",14
"GO:0008217","regulation of blood pressure","15/674","89/12380",0.168539325842697,3.09572233521155,4.76105946463027,8.3003319034128e-05,0.00761517723356745,0.00761517723356745,"ADM2/GCH1/AGT/CORIN/BDKRB1/DDAH1/PTGS2/ABAT/HSD11B2/ADORA1/ANPEP/AGTRAP/OXTR/LEP/PIEZO2",15
"GO:1903530","regulation of secretion by cell","36/674","338/12380",0.106508875739645,1.95634997278458,4.2775427480018,8.73450713868715e-05,0.00787041482532417,0.00787041482532417,"CAMK2A/CHD7/SOX4/SNCAIP/LGI3/AGT/CYP19A1/IRS2/TGFB2/FOXO1/CCN3/ADRA2A/ABAT/CCKAR/SLC38A2/ADORA1/C1QTNF1/CADPS2/ADCY8/INHBB/TRPV6/CXCL12/PER2/GDNF/RAB27B/TRPA1/RAB11FIP1/ANG/MCTP1/HTR2A/LIF/LEP/RGCC/EPHA5/SEPTIN4/IL12A",36
"GO:0061337","cardiac conduction","12/674","61/12380",0.19672131147541,3.6133677092961,4.90960079282423,9.13636299217271e-05,0.00794863580319025,0.00794863580319026,"CACNA1G/ATP2A2/ABCC9/KCNE3/AGT/CORIN/PKP2/KCND3/TBX18/CACNB2/SCN1B/SPTBN4",12
"GO:0086003","cardiac muscle cell contraction","12/674","61/12380",0.19672131147541,3.6133677092961,4.90960079282423,9.13636299217271e-05,0.00794863580319025,0.00794863580319026,"CACNA1G/ATP2A2/KCNE3/NEDD4L/PKP2/STC1/KCND3/CACNB2/SCN7A/ADORA1/SCN1B/FGF13",12
"GO:0030282","bone mineralization","13/674","71/12380",0.183098591549296,3.36314623646926,4.79155917389197,0.000102305806053952,0.00861128965807327,0.00861128965807327,"GPM6B/ENPP1/FGFR2/S1PR1/CCN1/LGR4/TENT5A/TMEM119/PKDCC/FBN2/P2RX7/SLC24A3/LEP",13
"GO:0046883","regulation of hormone secretion","20/674","144/12380",0.138888888888889,2.55110451697989,4.49232372014743,0.000102393456100752,0.00861128965807327,0.00861128965807327,"CHD7/SOX4/AGT/CYP19A1/IRS2/FOXO1/CCN3/ADRA2A/ABAT/CCKAR/ADORA1/C1QTNF1/ADCY8/INHBB/PER2/TRPA1/RAB11FIP1/LIF/LEP/EPHA5",20
"GO:0001508","action potential","16/674","101/12380",0.158415841584158,2.90977465699092,4.62412731541757,0.000104645858854523,0.00865644268491676,0.00865644268491676,"CACNA1G/ATP2A2/KCNE3/KCNA3/NEDD4L/PKP2/KCND2/KCND3/TBX18/CACNB2/KCNB2/SCN7A/SCN1B/FGF13/KCNS1/TRPA1",16
"GO:0034762","regulation of transmembrane transport","28/674","240/12380",0.116666666666667,2.14292779426311,4.29025930150554,0.000113616832699352,0.00916614485025213,0.00916614485025213,"NR4A3/PRKAG2/GRIN2A/SLC7A5/KCNE3/AGT/ENPP1/NEDD4L/BDKRB1/IRS2/UBASH3B/CNIH3/CACNB2/TRPC6/TRIB3/SCN1B/SORBS1/THBS1/PIK3R1/PRKCE/STOM/PER2/FGF13/KCNS1/P2RX7/CLIC2/ACSL1/LEP",28
"GO:2000027","regulation of animal organ morphogenesis","8/674","29/12380",0.275862068965517,5.06702138544971,5.26129755226291,0.000114440571852137,0.00916614485025213,0.00916614485025213,"VEGFA/SOX9/APCDD1/AGT/LGR4/GDNF/ROBO1/CITED2",8
"GO:0044703","multi-organism reproductive process","16/674","102/12380",0.156862745098039,2.8812474544714,4.57773519244211,0.000117982592226021,0.00930219000582034,0.00930219000582034,"VEGFA/CORIN/MAFF/STC1/MSTN/ADRA2A/SLC38A2/HSD11B2/IGFBP2/PSG1/TPPP3/FBN2/PSG4/OXTR/LEP/ACVR1C",16
"GO:0045926","negative regulation of growth","20/674","146/12380",0.136986301369863,2.51615787976099,4.42186100516857,0.000124256327381102,0.00956382026629298,0.00956382026629298,"ULK2/MT1X/ENPP1/BRCA1/SEMA6D/BDKRB1/TGFB2/JADE1/MSTN/CCN3/ALOX15B/GDF15/MT1M/FGF13/DUSP10/SFRP2/FRZB/MT2A/WFDC1/MT1E",20
"GO:0046888","negative regulation of hormone secretion","9/674","37/12380",0.243243243243243,4.46788034325126,5.06900910636558,0.000125091584933678,0.00956382026629298,0.00956382026629298,"FOXO1/CCN3/ADRA2A/ADORA1/INHBB/RAB11FIP1/LIF/LEP/EPHA5",9
"GO:0023061","signal release","30/674","267/12380",0.112359550561798,2.06381489014103,4.21661846974802,0.000130017374087148,0.00979205477080221,0.00979205477080221,"CAMK2A/SYN2/CHD7/SOX4/SNCAIP/AGT/STX11/CYP19A1/IRS2/FOXO1/CCN3/ADRA2A/ABAT/CCKAR/SLC38A2/ADORA1/C1QTNF1/CADPS2/ADCY8/INHBB/CXCL12/PER2/GDNF/TRPA1/RAB11FIP1/MCTP1/HTR2A/LIF/LEP/EPHA5",30
"GO:0044706","multi-multicellular organism process","16/674","103/12380",0.155339805825243,2.8532741782144,4.53190324288027,0.000132780792035075,0.0098531158324851,0.0098531158324851,"VEGFA/CORIN/MAFF/STC1/MSTN/ADRA2A/SLC38A2/HSD11B2/IGFBP2/PSG1/TPPP3/FBN2/PSG4/OXTR/LEP/ACVR1C",16
"GO:0060485","mesenchyme development","25/674","206/12380",0.121359223300971,2.22912045173,4.26854511996759,0.00013984165850877,0.0102266812874674,0.0102266812874674,"NRG1/VEGFA/SOX9/PDPN/SLC39A10/SOX4/AXIN2/TGFBR2/AGT/FGFR2/SEMA6D/TGFB2/EPHA4/SACK1D/ADAMTS5/GDNF/SFRP2/FRZB/ACTG2/COL1A1/ACTA2/ROBO1/SEMA3A/RGCC/CITED2",25
"GO:0015837","amine transport","10/674","46/12380",0.217391304347826,3.993033157012,4.87985527059811,0.000146363420154016,0.0105507116871023,0.0105507116871023,"SLC7A5/ADRA2A/ABAT/SLC38A2/ADORA1/CXCL12/PER2/GDNF/HTR2A/LEP",10
"GO:1902041","regulation of extrinsic apoptotic signaling pathway via death domain receptors","8/674","30/12380",0.266666666666667,4.89812067260138,5.12921492943645,0.000148683937775373,0.0105670302818948,0.0105670302818948,"FAIM2/ARHGEF2/ATF3/CFLAR/HMOX1/BRCA1/THBS1/SFRP2",8
"GO:0032890","regulation of organic acid transport","9/674","38/12380",0.236842105263158,4.35030454474465,4.96308580454926,0.000156094020313016,0.0107897318698559,0.0107897318698559,"SLC7A5/IRS2/ABAT/SLC38A2/ADORA1/THBS1/PER2/ACSL1/LEP",9
"GO:0045778","positive regulation of ossification","9/674","38/12380",0.236842105263158,4.35030454474465,4.96308580454926,0.000156094020313016,0.0107897318698559,0.0107897318698559,"GPM6B/ZBTB16/CCN1/TENT5A/CCN3/TMEM119/PKDCC/FBN2/P2RX7",9
"GO:0001667","ameboidal-type cell migration","21/674","161/12380",0.130434782608696,2.3958198942072,4.27752896840729,0.000172017554877737,0.0117297375934197,0.0117297375934197,"VEGFA/SOX9/SEMA6D/AMOT/TGFB2/MSTN/CCN3/KANK1/PRR5L/DAAM2/FGF10/ENPP2/THBS1/PRKCE/FBN2/DUSP10/GDNF/PLCG2/ACTA2/SEMA3A/ACVR1C",21
"GO:0030048","actin filament-based movement","15/674","95/12380",0.157894736842105,2.90020302982977,4.46110759946502,0.000177299265629095,0.0119286945915255,0.0119286945915255,"PDPN/CACNA1G/ATP2A2/KCNE3/NEDD4L/PKP2/STC1/KCND3/CACNB2/SCN7A/SUN2/ADORA1/SCN1B/FGF13/ACTA2",15
"GO:0043269","regulation of monoatomic ion transport","27/674","234/12380",0.115384615384615,2.11937913718329,4.1479830064314,0.000179985791916764,0.0119501092896314,0.0119501092896314,"CAMK2A/PER1/GRIN2A/KCNE3/AGT/NEDD4L/BDKRB1/PKP2/UBASH3B/STC1/ADRA2A/MCHR1/CACNB2/TRPC6/ADORA1/SCN1B/PRKCE/STOM/CXCL12/FGF13/KCNS1/P2RX7/SPTBN4/TRPA1/CLIC2/HTR2A/LEP",27
"GO:0030855","epithelial cell differentiation","33/674","311/12380",0.106109324758842,1.94901103933898,4.06709470247401,0.000182880224692864,0.0119845923870155,0.0119845923870155,"NRG1/TST/VEGFA/MYADM/KLF15/SOX9/PDPN/NCOA3/SOX4/COL4A1/AQP3/TUBB/FGFR2/ANXA4/S1PR1/TAGLN/TGFB2/MAFF/STC1/LBH/MAFB/ALOX15B/SPINT2/HPSE/E2F7/ERRFI1/TJP2/GDNF/SFRP4/TMEM100/ACTA2/LIF/MTSS1",33
"GO:0046850","regulation of bone remodeling","8/674","31/12380",0.258064516129032,4.74011677993682,5.00286269952739,0.000190940528598864,0.0123434023134907,0.0123434023134907,"INPP5D/S1PR1/UBASH3B/PDK4/SIGLEC15/TMEM119/P2RX7/LEP",8
"GO:0003073","regulation of systemic arterial blood pressure","9/674","39/12380",0.230769230769231,4.23875827436658,4.86075948981833,0.000193247876093097,0.0123434023134907,0.0123434023134907,"ADM2/AGT/CORIN/DDAH1/HSD11B2/ADORA1/ANPEP/OXTR/PIEZO2",9
"GO:0007565","female pregnancy","15/674","96/12380",0.15625,2.86999258160237,4.41340788050464,0.000199791654682574,0.0126018586191034,0.0126018586191034,"VEGFA/CORIN/STC1/MSTN/ADRA2A/SLC38A2/HSD11B2/IGFBP2/PSG1/TPPP3/FBN2/PSG4/OXTR/LEP/ACVR1C",15
"GO:0050867","positive regulation of cell activation","25/674","211/12380",0.118483412322275,2.17629769221033,4.13522835327405,0.000204476627317128,0.0127381365610151,0.0127381365610151,"NR4A3/INPP5D/EPHB2/TSLP/SOX4/TGFBR2/SOCS1/ZBTB16/PLA2G4A/TNFSF13B/IRS2/TNFSF9/SMARCD2/ICOSLG/FGF10/MAP3K8/THBS1/VCAM1/IGFBP2/DUSP10/IL4I1/FOXO3/ACTA2/LEP/IL12A",25
"GO:0003018","vascular process in circulatory system","22/674","175/12380",0.125714285714286,2.30911403136922,4.18500595267438,0.000208507019558185,0.0128018611444974,0.0128018611444974,"VEGFA/SLC6A6/SLC16A12/SLC7A5/ABCC9/AGT/GCLM/AMOT/DDAH1/BDKRB2/ADRA2A/SLC38A2/ADORA1/SLC6A9/PER2/TJP2/SLC24A3/HTR2A/OXTR/LEP/SLC5A6/ADRA1B",22
"GO:0045124","regulation of bone resorption","7/674","24/12380",0.291666666666667,5.35731948565776,5.12689644117289,0.000210573617715673,0.0128018611444974,0.0128018611444974,"INPP5D/S1PR1/UBASH3B/PDK4/SIGLEC15/TMEM119/P2RX7",7
"GO:0007409","axonogenesis","30/674","275/12380",0.109090909090909,2.00377663879148,4.03914555630115,0.000219529552558804,0.0131565751245486,0.0131565751245486,"VEGFA/ULK2/RAC3/EPHB2/FLRT3/NRXN3/FGFR2/SEMA6D/PLEKHG4/EPHA4/TENM4/SCN1B/EPHB3/LGI1/PLPPR4/NEXN/CXCL12/PLXNA4/FGF13/GDNF/SPTBN4/KALRN/SLITRK6/PAK3/RPS6KA5/EPHB6/ROBO1/SEMA3A/EPHA5/KIAA1755",30
"GO:0120039","plasma membrane bounded cell projection morphogenesis","41/674","422/12380",0.0971563981042654,1.78456410761247,3.93481081909274,0.00022162284692561,0.0131565751245486,0.0131565751245486,"VEGFA/ULK2/RAC3/TNIK/NGF/PDPN/EPHB2/TUBA1A/FLRT3/NRXN3/PDLIM5/FGFR2/NEDD4L/SEMA6D/PLEKHG4/EPHA4/KANK1/TENM4/GAS7/MYO16/KCTD12/SCN1B/EPHB3/LGI1/PLPPR4/ENPP2/NEXN/CXCL12/PLXNA4/FGF13/GDNF/SPTBN4/KALRN/SLITRK6/PAK3/RPS6KA5/EPHB6/ROBO1/SEMA3A/EPHA5/KIAA1755",41
"GO:0002696","positive regulation of leukocyte activation","24/674","200/12380",0.12,2.20415430267062,4.11947588947906,0.000224455248837067,0.0131697812282772,0.0131697812282772,"NR4A3/INPP5D/EPHB2/TSLP/SOX4/TGFBR2/SOCS1/ZBTB16/PLA2G4A/TNFSF13B/IRS2/TNFSF9/SMARCD2/ICOSLG/FGF10/MAP3K8/THBS1/VCAM1/IGFBP2/DUSP10/IL4I1/FOXO3/LEP/IL12A",24
"GO:0070665","positive regulation of leukocyte proliferation","12/674","68/12380",0.176470588235294,3.24140338628033,4.44711793164257,0.000269371387471769,0.0155310748706544,0.0155310748706544,"EPHB2/TGFBR2/TNFSF13B/IRS2/TNFSF9/IL34/ICOSLG/FGF10/VCAM1/IGFBP2/LEP/IL12A",12
"GO:0050951","sensory perception of temperature stimulus","5/674","12/12380",0.416666666666667,7.65331355093966,5.53283024333661,0.000270855051252,0.0155310748706544,0.0155310748706544,"ADRA2A/ADORA1/CXCL12/TRPA1/HTR2A",5
"GO:0090092","regulation of transmembrane receptor protein serine/threonine kinase signaling pathway","24/674","203/12380",0.118226600985222,2.17158059376416,4.03848528826805,0.000281221969114497,0.0155775232454559,0.0155775232454559,"TNFAIP6/TGFBR2/CILP/PMEPA1/CHRDL2/TGFB2/GDF5/CCN1/FSTL5/CCN3/CRIM1/GDF15/THBS1/BMPER/FBN2/CDKN2B/FSTL3/SFRP4/GDF7/SAP30/ING2/FST/CITED2/TSC22D1",24
"GO:1903131","mononuclear cell differentiation","31/674","292/12380",0.106164383561644,1.95002235681476,3.94199887080861,0.000281717365058732,0.0155775232454559,0.0155775232454559,"VEGFA/INPP5D/BATF3/CHD7/CFLAR/SOX4/BATF2/TGFBR2/SOCS1/ZBTB16/TNFSF13B/TNFSF9/IL34/LFNG/BLNK/NFIL3/SMARCD2/PIK3R3/ICOSLG/CAMK4/VCAM1/PIK3R1/DUSP10/IL4I1/FOXO3/KLF6/PLCG2/PRDM1/LIF/LEP/IL31RA",31
"GO:0002573","myeloid leukocyte differentiation","18/674","132/12380",0.136363636363636,2.50472079848934,4.17041016530335,0.000282719889720181,0.0155775232454559,0.0155775232454559,"VEGFA/TNFAIP6/LRRC17/INPP5D/BATF3/CFLAR/BATF2/TGFBR2/SOCS1/NEDD9/UBASH3B/IL34/MAFB/SIGLEC15/CAMK4/FSTL3/LIF/IL31RA",18
"GO:0048858","cell projection morphogenesis","41/674","427/12380",0.0960187353629977,1.76366757239453,3.85343730238326,0.000284013503484332,0.0155775232454559,0.0155775232454559,"VEGFA/ULK2/RAC3/TNIK/NGF/PDPN/EPHB2/TUBA1A/FLRT3/NRXN3/PDLIM5/FGFR2/NEDD4L/SEMA6D/PLEKHG4/EPHA4/KANK1/TENM4/GAS7/MYO16/KCTD12/SCN1B/EPHB3/LGI1/PLPPR4/ENPP2/NEXN/CXCL12/PLXNA4/FGF13/GDNF/SPTBN4/KALRN/SLITRK6/PAK3/RPS6KA5/EPHB6/ROBO1/SEMA3A/EPHA5/KIAA1755",41
"GO:0098739","import across plasma membrane","21/674","167/12380",0.125748502994012,2.30974253273868,4.08885262912265,0.000287248823258088,0.0155855651845195,0.0155855651845195,"SLC6A6/PRKAG2/CACNA1G/SLC39A10/SLC7A5/ABCC9/ENPP1/NEDD4L/SLC7A11/IRS2/SLC38A2/SLC7A6/SORBS1/THBS1/TRPV6/PIK3R1/SLC6A9/PER2/ACSL1/LEP/SLC5A6",21
"GO:0030199","collagen fibril organization","11/674","59/12380",0.186440677966102,3.42453352109843,4.47919211364181,0.000292860748823736,0.0157210142400486,0.0157210142400486,"COL4A3/COL4A1/DPT/TGFB2/CCN3/COL28A1/COL11A1/COL4A4/COL7A1/ADAMTS14/COL1A1",11
"GO:0070482","response to oxygen levels","28/674","254/12380",0.110236220472441,2.02481366387065,3.9597836075234,0.000296632296927087,0.0157558586346745,0.0157558586346745,"VEGFA/CFLAR/SLC7A5/AQP3/FGFR2/TGFB2/KCND2/LOC102724560/FOXO1/STC1/MSTN/DDAH1/EPHA4/PTGS2/ABAT/HSD11B2/ADORA1/THBS1/VCAM1/CXCL12/AGTRAP/FOXO3/COL1A1/ANG/CBS/LEP/RGCC/CITED2",28
"GO:0045453","bone resorption","8/674","33/12380",0.242424242424242,4.45283697509217,4.76563514006616,0.000305109685031313,0.0160373278194584,0.0160373278194584,"INPP5D/S1PR1/UBASH3B/PDK4/SIGLEC15/TMEM119/P2RX7/ACP5",8
"GO:0060048","cardiac muscle contraction","14/674","90/12380",0.155555555555556,2.85723705901747,4.24307906126634,0.000338684507930271,0.0173952340948772,0.0173952340948772,"CACNA1G/ATP2A2/KCNE3/NEDD4L/PKP2/STC1/KCND3/CACNB2/SCN7A/ADORA1/SCN1B/FGF13/CLIC2/ADRA1B",14
"GO:0050878","regulation of body fluid levels","25/674","218/12380",0.114678899082569,2.10641657365312,3.95469404389788,0.000339052402623183,0.0173952340948772,0.0173952340948772,"VEGFA/PDPN/EPHB2/ADM2/PLA2G4A/AQP3/DGKB/UBASH3B/ADCY4/NFE2/ADRA2A/C1QTNF1/ANGPTL1/FGF10/THBS1/ADCY8/PRRG3/HPSE/RAP2B/TSPAN8/HTR2A/PLCG2/OXTR/ANGPTL7/ADCY1",25
"GO:0050671","positive regulation of lymphocyte proliferation","11/674","60/12380",0.183333333333333,3.36745796241345,4.41083708516315,0.000341285805666438,0.0173952340948772,0.0173952340948772,"EPHB2/TGFBR2/TNFSF13B/IRS2/TNFSF9/ICOSLG/FGF10/VCAM1/IGFBP2/LEP/IL12A",11
"GO:0048483","autonomic nervous system development","6/674","19/12380",0.31578947368421,5.80040605965953,5.02454155543544,0.000375036301583281,0.0189243317778923,0.0189243317778923,"EGR2/SOX4/VCAM1/PLXNA4/GDNF/SEMA3A",6
"GO:0043270","positive regulation of monoatomic ion transport","15/674","102/12380",0.147058823529412,2.70116948856694,4.13954231146576,0.000393691692765572,0.0194133182634035,0.0194133182634035,"CAMK2A/BDKRB1/PKP2/STC1/ADRA2A/MCHR1/CACNB2/TRPC6/ADORA1/SCN1B/CXCL12/FGF13/P2RX7/TRPA1/LEP",15
"GO:0070372","regulation of ERK1 and ERK2 cascade","22/674","183/12380",0.120218579234973,2.20816915568095,3.9508928073193,0.000394127408818617,0.0194133182634035,0.0194133182634035,"DUSP1/NRG1/VEGFA/NGF/EPHB2/ATF3/CFLAR/NAMPT/CCN2/FGFR2/CCN1/PSCA/EPHA4/SACK1D/BMPER/ERRFI1/LMO3/DUSP10/NEK10/HTR2A/ACTA2/RAMP3",22
"GO:0032946","positive regulation of mononuclear cell proliferation","11/674","61/12380",0.180327868852459,3.31225373352143,4.34391330501488,0.000396268684330274,0.0194133182634035,0.0194133182634035,"EPHB2/TGFBR2/TNFSF13B/IRS2/TNFSF9/ICOSLG/FGF10/VCAM1/IGFBP2/LEP/IL12A",11
"GO:0001666","response to hypoxia","25/674","221/12380",0.113122171945701,2.07782268351303,3.87938602380942,0.000417373888976359,0.0202506600362952,0.0202506600362953,"VEGFA/CFLAR/AQP3/FGFR2/TGFB2/KCND2/LOC102724560/STC1/MSTN/DDAH1/EPHA4/PTGS2/ABAT/HSD11B2/ADORA1/THBS1/VCAM1/CXCL12/AGTRAP/FOXO3/ANG/CBS/LEP/RGCC/CITED2",25
"GO:0002028","regulation of sodium ion transport","9/674","43/12380",0.209302325581395,3.84445517907667,4.48329183921775,0.000423096962133233,0.0203328311516599,0.0203328311516599,"PER1/AGT/NEDD4L/PKP2/SCN1B/PRKCE/FGF13/P2RX7/SPTBN4",9
"GO:0072001","renal system development","21/674","172/12380",0.122093023255814,2.24259885446139,3.93768872317991,0.000430184437812751,0.0204597080979775,0.0204597080979775,"VEGFA/KLF15/SOX9/CFLAR/SOX4/COL4A3/COL4A1/ZBTB16/AGT/ITGA8/FGFR2/TGFB2/LGR4/TBX18/FGF10/BMPER/GDNF/COL4A4/ACTA2/LIF/MTSS1",21
"GO:0071559","response to transforming growth factor beta","24/674","209/12380",0.114832535885167,2.10923856714892,3.88064077709501,0.000433846366722868,0.0204597080979775,0.0204597080979775,"JUN/SOX9/MXRA5/CFLAR/WNT2/TGFBR2/CILP/PMEPA1/FGFR2/TGFB2/GDF5/MSTN/CCN3/GDF15/THBS1/FBN2/CDKN2B/SAP30/COL1A1/ING2/ACTA2/RGCC/CITED2/TSC22D1",24
"GO:0060326","cell chemotaxis","22/674","185/12380",0.118918918918919,2.18429705670062,3.8942522694264,0.000458665778806704,0.0213499056130116,0.0213499056130116,"DUSP1/VEGFA/TNFAIP6/RAC3/ACKR2/CH25H/CCL8/NEDD9/NR4A1/TGFB2/IL34/MSTN/CCN3/HMGB2/THBS1/VCAM1/DAPK2/CXCL12/CCL7/EGR3/ACKR4/IL12A",22
"GO:0009914","hormone transport","21/674","173/12380",0.121387283236994,2.22963585530265,3.90808109958935,0.000465243314908812,0.0213499056130116,0.0213499056130116,"CHD7/SOX4/SLC7A5/AGT/CYP19A1/IRS2/FOXO1/CCN3/ADRA2A/ABAT/CCKAR/ADORA1/C1QTNF1/ADCY8/INHBB/PER2/TRPA1/RAB11FIP1/LIF/LEP/EPHA5",21
"GO:0043500","muscle adaptation","12/674","72/12380",0.166666666666667,3.06132542037587,4.20908342172466,0.000465730298972071,0.0213499056130116,0.0213499056130116,"LMCD1/NR4A3/KLF15/CFLAR/MYOZ2/HMOX1/AGT/FOXO1/MSTN/ERRFI1/FOXO3/ADRA1B",12
"GO:0042572","retinol metabolic process","8/674","35/12380",0.228571428571429,4.19838914794404,4.54661570881524,0.000469647150821301,0.0213499056130116,0.0213499056130116,"DHRS3/ADH1B/PNPLA2/HSD17B6/PLB1/ADH1A/ALDH1A3/ADH1C",8
"GO:0001523","retinoid metabolic process","10/674","53/12380",0.188679245283019,3.46565141929343,4.3162777648798,0.000496188711376324,0.0222414170686268,0.0222414170686268,"DHRS3/ADH1B/ABCA4/PNPLA2/HSD17B6/RBP1/PLB1/ADH1A/ALDH1A3/ADH1C",10
"GO:0045444","fat cell differentiation","19/674","150/12380",0.126666666666667,2.32660731948566,3.92232214592077,0.000502113973372052,0.0222414170686268,0.0222414170686268,"EGR2/NR4A3/AXIN2/ZBTB16/FNDC5/ENPP1/NR4A1/FOXO1/PTGS2/MAFB/TRIB3/INHBB/LMO3/PER2/SFRP2/FRZB/STEAP4/MEST/LEP",19
"GO:0090287","regulation of cellular response to growth factor stimulus","25/674","224/12380",0.111607142857143,2.04999470114455,3.8052591655482,0.000511166159674895,0.0222414170686268,0.0222414170686268,"VEGFA/TNFAIP6/CFLAR/CILP/AGT/PMEPA1/CHRDL2/GDF5/CCN1/FSTL5/CRIM1/GDF15/THBS1/FBN2/CDKN2B/FSTL3/SFRP4/SAP30/TSPAN32/ING2/ROBO1/FST/CITED2/IL12A/TSC22D1",25
"GO:0017145","stem cell division","6/674","20/12380",0.3,5.51038575667656,4.84381914471511,0.000511296944106363,0.0222414170686268,0.0222414170686268,"NCOA3/TGFB2/LBH/SFRP2/ING2/LIF",6
"GO:0051955","regulation of amino acid transport","6/674","20/12380",0.3,5.51038575667656,4.84381914471511,0.000511296944106363,0.0222414170686268,0.0222414170686268,"SLC7A5/ABAT/SLC38A2/ADORA1/PER2/LEP",6
"GO:0048729","tissue morphogenesis","28/674","263/12380",0.106463878326996,1.95552346244542,3.75828876388062,0.000522613070557148,0.0223957237872602,0.0223957237872602,"NRG1/VEGFA/SOX9/PDPN/NKD1/COL4A1/TGFBR2/FLRT3/RHOB/AGT/ITGA8/FGFR2/PKP2/S1PR1/TGFB2/LGR4/STC1/TBX18/FGF10/ADAMTS5/GDNF/SFRP2/ACTG2/ACTA2/LIF/ROBO1/MTSS1/MICAL2",28
"GO:1901699","cellular response to nitrogen compound","42/674","454/12380",0.092511013215859,1.69923789853462,3.64228522991957,0.000523720849563359,0.0223957237872602,0.0223957237872602,"CAMK2A/NR4A3/KLF15/SOX9/EPHB2/ARHGEF2/CFLAR/SLC7A5/SOCS1/IFIT1/AGT/ENPP1/BRCA1/GCLM/NR4A1/IRS2/ADCY4/FOXO1/STC1/GNG2/PSCA/MSTN/EPHA4/KANK1/PIK3R3/KLF5/PDK4/TRIB3/GDF15/SORBS1/ADCY8/VCAM1/INHBB/PIK3R1/ERRFI1/P2RX7/AGTRAP/FOXO3/TRPA1/HTR2A/LEP/ADCY1",42
"GO:0086001","cardiac muscle cell action potential","11/674","63/12380",0.174603174603175,3.20710282134614,4.21413883912259,0.000528690654937517,0.0224182608807959,0.0224182608807959,"CACNA1G/ATP2A2/KCNE3/NEDD4L/PKP2/KCND3/TBX18/CACNB2/SCN7A/SCN1B/FGF13",11
"GO:0050808","synapse organization","39/674","413/12380",0.0944309927360775,1.7345039912057,3.64288121459631,0.000552037654534574,0.0232131833731788,0.0232131833731788,"RAC3/SYN2/EPHB2/FZD5/CDH6/TUBA1A/FLRT3/RHOB/NEDD9/WASF3/NRXN3/TUBB/ELMO1/PDLIM5/PCDHGC5/NEDD4L/AMOT/DRP2/SORT1/EPHA4/TENM4/CACNB2/CDH10/LRRC15/EPHB3/PLPPR4/PLXNA4/FGF13/LRRC4/ASIC2/FGF22/SLITRK6/PAK3/RPS6KA5/CTTNBP2/LRRTM2/NEGR1/APBB2/SPARCL1",39
"GO:0006814","sodium ion transport","18/674","140/12380",0.128571428571429,2.36159389571852,3.88766983195229,0.00058398177289098,0.024353487818247,0.024353487818247,"PER1/SLC6A6/GRIN2A/KCNE3/AGT/NEDD4L/PKP2/SCN7A/SLC38A2/SCN1B/PRKCE/SLC6A9/FGF13/P2RX7/SPTBN4/ASIC2/SLC24A3/SLC5A6",18
"GO:0010959","regulation of metal ion transport","23/674","201/12380",0.114427860696517,2.10180551249686,3.77890195561889,0.000595691822322067,0.0246382043888291,0.0246382043888291,"CAMK2A/PER1/KCNE3/AGT/NEDD4L/BDKRB1/PKP2/UBASH3B/STC1/ADRA2A/MCHR1/CACNB2/TRPC6/ADORA1/SCN1B/PRKCE/CXCL12/FGF13/KCNS1/P2RX7/SPTBN4/CLIC2/HTR2A",23
"GO:0030278","regulation of ossification","12/674","74/12380",0.162162162162162,2.97858689550084,4.09619858003741,0.000602276345413693,0.0246801460433318,0.0246801460433318,"SOX9/GPM6B/ZBTB16/ENPP1/S1PR1/CCN1/TENT5A/CCN3/TMEM119/PKDCC/FBN2/P2RX7",12
"GO:0008285","negative regulation of cell population proliferation","39/674","415/12380",0.0939759036144578,1.72614493582639,3.61043457607264,0.000606487932892021,0.0246801460433318,0.0246801460433318,"DUSP1/APOD/NGF/SOX9/PDPN/ADARB1/COL4A3/AXIN2/ADAMTS1/HMOX1/CCL8/FGFR2/WARS1/KLF9/TGFB2/GDF5/MSTN/DDAH1/CCN3/TENT5B/MYO16/ADORA1/ALOX15B/THBS1/CDKN2B/PER2/DUSP10/IL4I1/SFRP4/SFRP2/FRZB/ANG/ROBO1/MTSS1/RGCC/ACVR1C/IL12A/NEGR1/TSC22D1",39
"GO:0006706","steroid catabolic process","5/674","14/12380",0.357142857142857,6.55998304366257,4.99449213672355,0.000624946688492109,0.025027626905803,0.025027626905803,"HSD11B1/CYP19A1/HSD17B6/CYP24A1/SCARF1",5
"GO:0090190","positive regulation of branching involved in ureteric bud morphogenesis","5/674","14/12380",0.357142857142857,6.55998304366257,4.99449213672355,0.000624946688492109,0.025027626905803,0.025027626905803,"VEGFA/SOX9/AGT/LGR4/GDNF",5
"GO:0008154","actin polymerization or depolymerization","18/674","141/12380",0.127659574468085,2.34484500284109,3.85369458141569,0.000636327762695693,0.0252309595295759,0.0252309595295759,"MYADM/SSH2/LMOD1/KANK4/ARHGAP28/CDC42EP3/WASF3/KANK1/FAM107A/DAAM2/CARMIL1/PRKCE/CXCL12/SPTBN4/PAK3/ANG/CRACD/MICAL2",18
"GO:0006813","potassium ion transport","16/674","118/12380",0.135593220338983,2.49056983352613,3.90374234165943,0.000645024530185353,0.0252309595295759,0.0252309595295759,"ABCC9/KCNE3/KCNA3/NEDD4L/KCND2/KCND3/ADRA2A/KCNB2/ADORA1/KCNK6/KCNK15/KCNS1/P2RX7/SLC24A3/KCNQ3/HTR2A",16
"GO:0030041","actin filament polymerization","16/674","118/12380",0.135593220338983,2.49056983352613,3.90374234165943,0.000645024530185353,0.0252309595295759,0.0252309595295759,"MYADM/SSH2/LMOD1/KANK4/ARHGAP28/CDC42EP3/WASF3/KANK1/FAM107A/DAAM2/CARMIL1/PRKCE/SPTBN4/PAK3/ANG/CRACD",16
"GO:0071295","cellular response to vitamin","6/674","21/12380",0.285714285714286,5.24798643493006,4.67487036532516,0.000683158803047018,0.0255832472017223,0.0255832472017223,"NCOA3/CDON/POSTN/CYP24A1/COL1A1/LEP",6
"GO:0090278","negative regulation of peptide hormone secretion","6/674","21/12380",0.285714285714286,5.24798643493006,4.67487036532516,0.000683158803047018,0.0255832472017223,0.0255832472017223,"FOXO1/CCN3/ADRA2A/INHBB/LEP/EPHA5",6
"GO:1902042","negative regulation of extrinsic apoptotic signaling pathway via death domain receptors","6/674","21/12380",0.285714285714286,5.24798643493006,4.67487036532516,0.000683158803047018,0.0255832472017223,0.0255832472017223,"FAIM2/ARHGEF2/CFLAR/HMOX1/BRCA1/SFRP2",6
"GO:0071560","cellular response to transforming growth factor beta stimulus","23/674","203/12380",0.113300492610837,2.08109806902399,3.72658839704821,0.000684369428216894,0.0255832472017223,0.0255832472017223,"JUN/SOX9/CFLAR/WNT2/TGFBR2/CILP/PMEPA1/FGFR2/TGFB2/GDF5/MSTN/CCN3/GDF15/THBS1/FBN2/CDKN2B/SAP30/COL1A1/ING2/ACTA2/RGCC/CITED2/TSC22D1",23
"GO:0046879","hormone secretion","20/674","166/12380",0.120481927710843,2.21300632798255,3.77534480776453,0.000692931574111607,0.0255832472017223,0.0255832472017223,"CHD7/SOX4/AGT/CYP19A1/IRS2/FOXO1/CCN3/ADRA2A/ABAT/CCKAR/ADORA1/C1QTNF1/ADCY8/INHBB/PER2/TRPA1/RAB11FIP1/LIF/LEP/EPHA5",20
"GO:0070167","regulation of biomineral tissue development","11/674","65/12380",0.169230769230769,3.10842273453549,4.08945685417376,0.000696175548604664,0.0255832472017223,0.0255832472017223,"SOX9/GPM6B/CDON/ENPP1/S1PR1/CCN1/TENT5A/TMEM119/PKDCC/FBN2/P2RX7",11
"GO:0048732","gland development","19/674","154/12380",0.123376623376623,2.26617596053798,3.79385473858876,0.000697659238097226,0.0255832472017223,0.0255832472017223,"NRG1/VEGFA/SOX9/NR0B1/WNT2/SLC7A5/FGFR2/TGFB2/LBH/DBP/ALOX15B/EPHB3/FGF10/INHBB/ALDH1A3/E2F7/ROBO1/OXTR/CITED2",19
"GO:0019229","regulation of vasoconstriction","8/674","37/12380",0.216216216216216,3.97144919400112,4.34337449180063,0.000699660743923439,0.0255832472017223,0.0255832472017223,"AGT/BDKRB2/ADRA2A/PER2/HTR2A/OXTR/LEP/ADRA1B",8
"GO:0019233","sensory perception of pain","8/674","37/12380",0.216216216216216,3.97144919400112,4.34337449180063,0.000699660743923439,0.0255832472017223,0.0255832472017223,"KCND2/CCN3/ADORA1/CXCL12/P2RX7/TMEM100/TRPA1/HTR2A",8
"GO:0006936","muscle contraction","27/674","255/12380",0.105882352941176,1.9448420317682,3.65811110024116,0.000710530035190284,0.0257937737954689,0.0257937737954689,"CACNA1G/MYH13/LMOD1/ATP2A2/KCNE3/NEDD4L/PKP2/KCND2/STC1/BDKRB2/KCND3/ADRA2A/ABAT/CACNB2/KCNB2/SCN7A/ADORA1/SCN1B/FGF13/GDNF/TRPA1/CLIC2/HTR2A/ACTA2/OXTR/ADRA1B/APBB2",27
"GO:0036293","response to decreased oxygen levels","25/674","230/12380",0.108695652173913,1.996516578506,3.66040194214116,0.000755481772870676,0.0272297216136102,0.0272297216136102,"VEGFA/CFLAR/AQP3/FGFR2/TGFB2/KCND2/LOC102724560/STC1/MSTN/DDAH1/EPHA4/PTGS2/ABAT/HSD11B2/ADORA1/THBS1/VCAM1/CXCL12/AGTRAP/FOXO3/ANG/CBS/LEP/RGCC/CITED2",25
"GO:0016101","diterpenoid metabolic process","10/674","56/12380",0.178571428571429,3.27999152183128,4.10317339976785,0.000782085719900976,0.0279886846994349,0.0279886846994349,"DHRS3/ADH1B/ABCA4/PNPLA2/HSD17B6/RBP1/PLB1/ADH1A/ALDH1A3/ADH1C",10
"GO:0048812","neuron projection morphogenesis","38/674","409/12380",0.0929095354523227,1.70655793605305,3.48668478979753,0.000879503569521578,0.0311994380904796,0.0311994380904796,"VEGFA/ULK2/RAC3/TNIK/NGF/EPHB2/TUBA1A/FLRT3/NRXN3/PDLIM5/FGFR2/NEDD4L/SEMA6D/PLEKHG4/EPHA4/TENM4/GAS7/MYO16/KCTD12/SCN1B/EPHB3/LGI1/PLPPR4/NEXN/CXCL12/PLXNA4/FGF13/GDNF/SPTBN4/KALRN/SLITRK6/PAK3/RPS6KA5/EPHB6/ROBO1/SEMA3A/EPHA5/KIAA1755",38
"GO:0050433","regulation of catecholamine secretion","5/674","15/12380",0.333333333333333,6.12265084075173,4.76334233127648,0.000895695199051425,0.0311994380904796,0.0311994380904796,"ADRA2A/ABAT/CXCL12/GDNF/HTR2A",5
"GO:0002792","negative regulation of peptide secretion","6/674","22/12380",0.272727272727273,5.00944159697869,4.51637096343107,0.000896535577312632,0.0311994380904796,0.0311994380904796,"FOXO1/CCN3/ADRA2A/INHBB/LEP/EPHA5",6
"GO:0042417","dopamine metabolic process","6/674","22/12380",0.272727272727273,5.00944159697869,4.51637096343107,0.000896535577312632,0.0311994380904796,0.0311994380904796,"SNCAIP/GCH1/TGFB2/MAOB/ABAT/MAOA",6
"GO:0048754","branching morphogenesis of an epithelial tube","10/674","57/12380",0.175438596491228,3.22244781092196,4.03533175319262,0.000903129582408302,0.0312136429646047,0.0312136429646047,"VEGFA/SOX9/COL4A1/TGFBR2/AGT/FGFR2/LGR4/FGF10/GDNF/SFRP2",10
"GO:0072132","mesenchyme morphogenesis","7/674","30/12380",0.233333333333333,4.28585558852621,4.32358589078606,0.000931096076711082,0.0319612979801641,0.0319612979801641,"SOX9/TGFBR2/TGFB2/ADAMTS5/ACTG2/ACTA2/ROBO1",7
"GO:0002685","regulation of leukocyte migration","18/674","146/12380",0.123287671232877,2.26454209178489,3.68802579183863,0.000962908676730427,0.0328299809647414,0.0328299809647414,"DUSP1/VEGFA/APOD/TNFAIP6/RAC3/HMOX1/CCL8/NEDD9/BDKRB1/IL34/MSTN/CCN3/GDF15/THBS1/DAPK2/CXCL12/CCL7/IL12A",18
"GO:0048608","reproductive structure development","14/674","100/12380",0.14,2.57151335311573,3.78605886489508,0.00100291545187395,0.0339645058399729,0.0339645058399729,"VEGFA/TNFAIP6/SOX9/CHD7/NR0B1/CYP19A1/FGFR2/TGFB2/ALOX15B/INHBB/ING2/ANG/LEP/CITED2",14
"GO:0042391","regulation of membrane potential","27/674","261/12380",0.103448275862069,1.90013301954364,3.52664726696884,0.00101194898264553,0.0340419637761955,0.0340419637761955,"CACNA1G/GRIN2A/ATP2A2/KCNE3/KCNA3/AGT/INSYN2A/NEDD4L/PKP2/KCND2/KCND3/TBX18/GRIK1/ABAT/CACNB2/KCNB2/SCN7A/ADORA1/SCN1B/BEGAIN/ABCB5/FGF13/KCNS1/P2RX7/GRIK4/TRPA1/PIEZO2",27
"GO:0110053","regulation of actin filament organization","23/674","209/12380",0.110047846889952,2.02135362685105,3.57317771809853,0.0010226781230796,0.034048181581008,0.034048181581008,"MYADM/SSH2/LMOD1/SYNPO2/KANK4/ARHGAP28/CCN2/CDC42EP3/WASF3/AMOT/S1PR1/KANK1/DAAM2/CARMIL1/PIK3R1/PRKCE/CXCL12/SPTBN4/PAK3/CRACD/MTSS1/RGCC/DNAI3",23
"GO:1901342","regulation of vasculature development","24/674","222/12380",0.108108108108108,1.98572459700056,3.55606328543282,0.00103100658752253,0.034048181581008,0.034048181581008,"VEGFA/RHOJ/ADM2/COL4A3/ADAMTS1/HMOX1/RHOB/BRCA1/AMOT/WARS1/TGFB2/DDAH1/THBS1/BMPER/HPSE/VASH2/CXCL12/ADAM12/SFRP2/GLUL/C6/ANGPTL7/LEP/RGCC",24
"GO:0009308","amine metabolic process","10/674","58/12380",0.172413793103448,3.16688836590607,3.9689753553896,0.00103912405142196,0.034048181581008,0.034048181581008,"SAT1/SNCAIP/GCH1/TGFB2/CHDH/MAOB/ABAT/INMT/VCAM1/MAOA",10
"GO:1903053","regulation of extracellular matrix organization","10/674","58/12380",0.172413793103448,3.16688836590607,3.9689753553896,0.00103912405142196,0.034048181581008,0.034048181581008,"PDPN/CFLAR/AXIN2/AGT/TGFB2/HPSE/NID1/LAMA2/ANGPTL7/RGCC",10
"GO:0061458","reproductive system development","14/674","101/12380",0.138613861386139,2.54605282486706,3.74344955954677,0.00110747601521856,0.0357496286951354,0.0357496286951354,"VEGFA/TNFAIP6/SOX9/CHD7/NR0B1/CYP19A1/FGFR2/TGFB2/ALOX15B/INHBB/ING2/ANG/LEP/CITED2",14
"GO:0001894","tissue homeostasis","16/674","124/12380",0.129032258064516,2.37005838996841,3.67912050516418,0.00111230513379633,0.0357496286951354,0.0357496286951354,"VEGFA/INPP5D/SOX9/CUBN/TUBA1A/S1PR1/UBASH3B/PDK4/SIGLEC15/TMEM119/TJP2/LAMA2/P2RX7/CRACD/ACP5/APBB2",16
"GO:0060249","anatomical structure homeostasis","16/674","124/12380",0.129032258064516,2.37005838996841,3.67912050516418,0.00111230513379633,0.0357496286951354,0.0357496286951354,"VEGFA/INPP5D/SOX9/CUBN/TUBA1A/S1PR1/UBASH3B/PDK4/SIGLEC15/TMEM119/TJP2/LAMA2/P2RX7/CRACD/ACP5/APBB2",16
"GO:1903115","regulation of actin filament-based movement","7/674","31/12380",0.225806451612903,4.14760218244472,4.21030210499729,0.00114697477824381,0.0364983975789672,0.0364983975789672,"PDPN/ATP2A2/PKP2/STC1/ADORA1/FGF13/ACTA2",7
"GO:0001990","regulation of systemic arterial blood pressure by hormone","6/674","23/12380",0.260869565217391,4.7916397884144,4.36719854396482,0.00115774402911632,0.0364983975789672,0.0364983975789672,"AGT/CORIN/HSD11B2/ANPEP/OXTR/PIEZO2",6
"GO:0014888","striated muscle adaptation","6/674","23/12380",0.260869565217391,4.7916397884144,4.36719854396482,0.00115774402911632,0.0364983975789672,0.0364983975789672,"KLF15/CFLAR/MYOZ2/FOXO1/MSTN/ERRFI1",6
"GO:0090130","tissue migration","11/674","69/12380",0.159420289855072,2.92822431514213,3.85393073163174,0.00116453468295952,0.0364983975789672,0.0364983975789672,"SOX9/TGFB2/KANK1/DAAM2/FGF10/ENPP2/PRKCE/DUSP10/ACTG2/PLCG2/ACTA2",11
"GO:0048013","ephrin receptor signaling pathway","8/674","40/12380",0.2,3.67359050445104,4.06383228056977,0.00120651447671226,0.037392129308757,0.037392129308757,"EPHB2/EPHA4/EPHB3/KALRN/PAK3/EPHB6/EPHA5/ARHGEF28",8
"GO:0008544","epidermis development","17/674","137/12380",0.124087591240876,2.27923498451342,3.61272709843483,0.00122660088365417,0.037392129308757,0.037392129308757,"CRABP2/SOX9/NCOA3/APCDD1/ATP2A2/CCN2/AQP3/FGFR2/TGFB2/MAFF/MAFB/ALOX15B/HPSE/ERRFI1/SFRP4/COL7A1/FST",17
"GO:0032332","positive regulation of chondrocyte differentiation","5/674","16/12380",0.3125,5.73998516320475,4.55224832994845,0.0012449222599824,0.037392129308757,0.037392129308757,"SOX9/ZBTB16/GDF5/PKDCC/PRKG2",5
"GO:0032891","negative regulation of organic acid transport","5/674","16/12380",0.3125,5.73998516320475,4.55224832994845,0.0012449222599824,0.037392129308757,0.037392129308757,"IRS2/ABAT/ADORA1/THBS1/LEP",5
"GO:0042573","retinoic acid metabolic process","5/674","16/12380",0.3125,5.73998516320475,4.55224832994845,0.0012449222599824,0.037392129308757,0.037392129308757,"ADH1B/RBP1/ADH1A/ALDH1A3/ADH1C",5
"GO:0050432","catecholamine secretion","5/674","16/12380",0.3125,5.73998516320475,4.55224832994845,0.0012449222599824,0.037392129308757,0.037392129308757,"ADRA2A/ABAT/CXCL12/GDNF/HTR2A",5
"GO:0090189","regulation of branching involved in ureteric bud morphogenesis","5/674","16/12380",0.3125,5.73998516320475,4.55224832994845,0.0012449222599824,0.037392129308757,0.037392129308757,"VEGFA/SOX9/AGT/LGR4/GDNF",5
"GO:0040007","growth","43/674","491/12380",0.0875763747454175,1.60859869339506,3.3019277640665,0.0013680214661525,0.0402643671392106,0.0402643671392106,"NRG1/VEGFA/ULK2/APOD/TNFAIP6/SOX9/NKD1/MT1X/CFLAR/FLRT3/AGT/ENPP1/BRCA1/PDLIM5/FGFR2/NEDD4L/SEMA6D/BDKRB1/S1PR1/TGFB2/JADE1/STC1/MSTN/CCN3/FAM107A/ALOX15B/GDF15/LGI1/FGF10/MT1M/RASGRP2/CXCL12/PLXNA4/FGF13/DUSP10/SFRP2/FRZB/MT2A/WFDC1/MT1E/LEP/SEMA3A/ACVR1C",43
"GO:0018108","peptidyl-tyrosine phosphorylation","12/674","81/12380",0.148148148148148,2.72117815144521,3.72908174029451,0.0013716184895722,0.0402643671392106,0.0402643671392106,"NRG1/EPHB2/NEDD9/FGFR2/FGF10/PKDCC/RAP2B/ERRFI1/SFRP2/LIF/IL31RA/IL12A",12
"GO:0002686","negative regulation of leukocyte migration","7/674","32/12380",0.21875,4.01798961424332,4.10169052522408,0.00140020579202781,0.0402643671392106,0.0402643671392106,"DUSP1/APOD/TNFAIP6/HMOX1/CCN3/GDF15/CXCL12",7
"GO:0003401","axis elongation","4/674","10/12380",0.4,7.34718100890208,4.81797457373503,0.00140438537782423,0.0402643671392106,0.0402643671392106,"SOX9/NKD1/FGFR2/FGF10",4
"GO:0014059","regulation of dopamine secretion","4/674","10/12380",0.4,7.34718100890208,4.81797457373503,0.00140438537782423,0.0402643671392106,0.0402643671392106,"ABAT/CXCL12/GDNF/HTR2A",4
"GO:0035360","positive regulation of peroxisome proliferator activated receptor signaling pathway","4/674","10/12380",0.4,7.34718100890208,4.81797457373503,0.00140438537782423,0.0402643671392106,0.0402643671392106,"ALOX15B/LMO3/LEP/CITED2",4
"GO:0045779","negative regulation of bone resorption","4/674","10/12380",0.4,7.34718100890208,4.81797457373503,0.00140438537782423,0.0402643671392106,0.0402643671392106,"INPP5D/UBASH3B/TMEM119/P2RX7",4
"GO:0048486","parasympathetic nervous system development","4/674","10/12380",0.4,7.34718100890208,4.81797457373503,0.00140438537782423,0.0402643671392106,0.0402643671392106,"EGR2/PLXNA4/GDNF/SEMA3A",4
"GO:0051494","negative regulation of cytoskeleton organization","16/674","127/12380",0.125984251968504,2.31407275870932,3.57164697165078,0.00143734047295883,0.0409763843307925,0.0409763843307925,"MYADM/ARHGEF2/SSH2/LMOD1/KANK4/ARHGAP28/BRCA1/S1PR1/NAV3/KANK1/CARMIL1/PIK3R1/FGF13/SPTBN4/CRACD/DNAI3",16
"GO:0071375","cellular response to peptide hormone stimulus","26/674","254/12380",0.102362204724409,1.88018411645132,3.40094863954342,0.00144954774958887,0.0410922356428396,0.0410922356428396,"CAMK2A/NR4A3/KLF15/CFLAR/SOCS1/AGT/ENPP1/NR4A1/IRS2/ADCY4/FOXO1/MSTN/KANK1/PIK3R3/KLF5/PDK4/TRIB3/GDF15/SORBS1/ADCY8/INHBB/PIK3R1/ERRFI1/AGTRAP/LEP/ADCY1",26
"GO:0060412","ventricular septum morphogenesis","6/674","24/12380",0.25,4.5919881305638,4.22639451248382,0.0014734674995832,0.0413040576567718,0.0413040576567718,"SOX4/TGFBR2/FGFR2/TGFB2/ROBO1/CITED2",6
"GO:0022409","positive regulation of cell-cell adhesion","21/674","189/12380",0.111111111111111,2.04088361358391,3.46004604198485,0.00147373767227579,0.0413040576567718,0.0413040576567718,"NR4A3/PDPN/SOX4/TGFBR2/SOCS1/ZBTB16/TNFSF9/EPHA4/SMARCD2/ICOSLG/MAP3K8/VCAM1/IGFBP2/DUSP10/IL4I1/FSTL3/FOXO3/HTR2A/LEP/CITED2/IL12A",21
"GO:0007200","phospholipase C-activating G protein-coupled receptor signaling pathway","11/674","71/12380",0.154929577464789,2.8457391231663,3.74245490682474,0.00148157638443831,0.0413040576567718,0.0413040576567718,"INPP5A/GPR68/VEGFA/AGT/S1PR1/DGKB/ADRA2A/MCHR1/CCKAR/HTR2A/ADRA1B",11
"GO:0051493","regulation of cytoskeleton organization","39/674","436/12380",0.0894495412844037,1.64300492744943,3.27982836999516,0.00153702240802669,0.0420690258779291,0.0420690258779291,"MYADM/RAC3/ARHGEF2/SSH2/LMOD1/GPM6B/SYNPO2/KANK4/ARHGAP28/CCN2/NEDD9/BRCA1/CDC42EP3/WASF3/AMOT/CIT/S1PR1/NAV3/TGFB2/KANK1/FAM107A/SIGLEC15/DAAM2/RND2/CARMIL1/PIK3R1/PRKCE/NEXN/CXCL12/FGF13/P2RX7/SPTBN4/CORO2B/PAK3/CRACD/RND1/MTSS1/RGCC/DNAI3",39
"GO:0048667","cell morphogenesis involved in neuron differentiation","34/674","365/12380",0.0931506849315069,1.71098735823747,3.30837624105266,0.00154406813234561,0.0420690258779291,0.0420690258779291,"VEGFA/ULK2/RAC3/TNIK/EPHB2/FLRT3/NRXN3/PDLIM5/FGFR2/NEDD4L/SEMA6D/PLEKHG4/EPHA4/TENM4/KCTD12/SCN1B/EPHB3/LGI1/PLPPR4/NEXN/CXCL12/PLXNA4/FGF13/GDNF/SPTBN4/KALRN/SLITRK6/PAK3/RPS6KA5/EPHB6/ROBO1/SEMA3A/EPHA5/KIAA1755",34
"GO:0042476","odontogenesis","9/674","51/12380",0.176470588235294,3.24140338628033,3.84866096747456,0.00154738430277031,0.0420690258779291,0.0420690258779291,"FAM20A/APCDD1/AXIN2/AQP3/FGFR2/TGFB2/EDA/TMT1A/COL1A1",9
"GO:0002027","regulation of heart rate","10/674","61/12380",0.163934426229508,3.01113975774675,3.77822581720552,0.00155070131060143,0.0420690258779291,0.0420690258779291,"CACNA1G/ADM2/ATP2A2/GCH1/KCNE3/PKP2/KCND3/CACNB2/SCN1B/SPTBN4",10
"GO:0061138","morphogenesis of a branching epithelium","10/674","61/12380",0.163934426229508,3.01113975774675,3.77822581720552,0.00155070131060143,0.0420690258779291,0.0420690258779291,"VEGFA/SOX9/COL4A1/TGFBR2/AGT/FGFR2/LGR4/FGF10/GDNF/SFRP2",10
"GO:0033002","muscle cell proliferation","17/674","140/12380",0.121428571428571,2.23039423484527,3.51306403712376,0.00155919473363631,0.0420732439889243,0.0420732439889243,"JUN/NRG1/APOD/NR4A3/CFLAR/ADAMTS1/HMOX1/FGFR2/S1PR1/TGFB2/MSTN/CCN3/THBS1/PIK3R1/ANG/RGCC/IL12A",17
"GO:0071772","response to BMP","14/674","105/12380",0.133333333333333,2.44906033630069,3.57798765730971,0.00162175574081065,0.0427085575917466,0.0427085575917466,"TNFAIP6/SOX9/CHRDL2/GDF5/CCN1/FSTL5/CRIM1/TMEM119/BMPER/FSTL3/SFRP4/GDF7/TMEM100/FST",14
"GO:0071773","cellular response to BMP stimulus","14/674","105/12380",0.133333333333333,2.44906033630069,3.57798765730971,0.00162175574081065,0.0427085575917466,0.0427085575917466,"TNFAIP6/SOX9/CHRDL2/GDF5/CCN1/FSTL5/CRIM1/TMEM119/BMPER/FSTL3/SFRP4/GDF7/TMEM100/FST",14
"GO:0043409","negative regulation of MAPK cascade","15/674","117/12380",0.128205128205128,2.35486570798144,3.53312731520892,0.00167688730598852,0.0427085575917466,0.0427085575917466,"DUSP1/PER1/EPHB2/DUSP5/ATF3/AGT/FOXO1/PSCA/EPHA4/TRIB3/ERRFI1/LMO3/DUSP8/DUSP10/P2RX7",15
"GO:0030833","regulation of actin filament polymerization","13/674","94/12380",0.138297872340426,2.54024875307785,3.59681422409989,0.00168104687985208,0.0427085575917466,0.0427085575917466,"MYADM/SSH2/LMOD1/KANK4/ARHGAP28/CDC42EP3/KANK1/DAAM2/CARMIL1/PRKCE/SPTBN4/PAK3/CRACD",13
"GO:0086002","cardiac muscle cell action potential involved in contraction","8/674","42/12380",0.19047619047619,3.4986576232867,3.89204168824792,0.00168228637922104,0.0427085575917466,0.0427085575917466,"CACNA1G/KCNE3/NEDD4L/PKP2/KCND3/CACNB2/SCN7A/SCN1B",8
"GO:0001655","urogenital system development","5/674","17/12380",0.294117647058824,5.40233897713388,4.35827345213218,0.0016853633769443,0.0427085575917466,0.0427085575917466,"SOX9/EPHB2/FGFR2/ALOX15B/EPHB3",5
"GO:0001659","temperature homeostasis","17/674","141/12380",0.120567375886525,2.21457583601658,3.48040429052226,0.00168571681836205,0.0427085575917466,0.0427085575917466,"VEGFA/GADD45G/G0S2/DIO2/FOXO1/LGR4/PTGS2/FABP4/ABAT/ADORA1/ADAMTS5/SCD/PER2/HTR2A/ACSL1/OXTR/LEP",17
"GO:0015849","organic acid transport","23/674","217/12380",0.105990783410138,1.94683367747405,3.37638280721869,0.00169161452352817,0.0427085575917466,0.0427085575917466,"CRABP2/SLC6A6/SLC16A12/SLC51B/SLC7A5/PLA2G4A/SLC7A11/IRS2/BDKRB2/FABP4/ABAT/SLC38A2/RBP1/ADORA1/SLC7A6/THBS1/SLC7A14/SLC6A9/PER2/FOLR3/ACSL1/LEP/SLC5A6",23
"GO:0046942","carboxylic acid transport","23/674","217/12380",0.105990783410138,1.94683367747405,3.37638280721869,0.00169161452352817,0.0427085575917466,0.0427085575917466,"CRABP2/SLC6A6/SLC16A12/SLC51B/SLC7A5/PLA2G4A/SLC7A11/IRS2/BDKRB2/FABP4/ABAT/SLC38A2/RBP1/ADORA1/SLC7A6/THBS1/SLC7A14/SLC6A9/PER2/FOLR3/ACSL1/LEP/SLC5A6",23
"GO:0030501","positive regulation of bone mineralization","7/674","33/12380",0.212121212121212,3.89623235320565,3.99740467789242,0.0016950393592961,0.0427085575917466,0.0427085575917466,"GPM6B/CCN1/TENT5A/TMEM119/PKDCC/FBN2/P2RX7",7
"GO:0032924","activin receptor signaling pathway","7/674","33/12380",0.212121212121212,3.89623235320565,3.99740467789242,0.0016950393592961,0.0427085575917466,0.0427085575917466,"TGFBR2/INHBB/FSTL3/GDF7/ACVR1C/FST/CITED2",7
"GO:0071385","cellular response to glucocorticoid stimulus","7/674","33/12380",0.212121212121212,3.89623235320565,3.99740467789242,0.0016950393592961,0.0427085575917466,0.0427085575917466,"CFLAR/AXIN2/KLF9/STC1/FAM107A/ERRFI1/FOXO3",7
"GO:0019722","calcium-mediated signaling","16/674","129/12380",0.124031007751938,2.27819566167506,3.50166741021191,0.00169573123249428,0.0427085575917466,0.0427085575917466,"LMCD1/INPP5A/RCAN1/GRIN2A/MYOZ2/ACKR2/ATP2A2/GRIK1/RCAN2/P2RX7/TRPA1/CLIC2/MCTP1/PLCG2/ACKR4/RAMP3",16
"GO:0018212","peptidyl-tyrosine modification","12/674","83/12380",0.144578313253012,2.65560759357906,3.63132683615602,0.00170123267458206,0.0427085575917466,0.0427085575917466,"NRG1/EPHB2/NEDD9/FGFR2/FGF10/PKDCC/RAP2B/ERRFI1/SFRP2/LIF/IL31RA/IL12A",12
"GO:0001822","kidney development","19/674","166/12380",0.114457831325301,2.10235601158343,3.43095823049933,0.00172216959019405,0.0430201373867286,0.0430201373867286,"VEGFA/KLF15/SOX9/CFLAR/SOX4/COL4A3/ZBTB16/AGT/ITGA8/FGFR2/TGFB2/LGR4/FGF10/BMPER/GDNF/COL4A4/ACTA2/LIF/MTSS1",19
"GO:0001501","skeletal system development","25/674","244/12380",0.102459016393443,1.88196234859172,3.33868652572005,0.0017504852384486,0.0435120616414366,0.0435120616414366,"LRRC17/SOX9/CHD7/TGFBR2/ZBTB16/HAPLN3/COL27A1/FGFR2/CHRDL2/TGFB2/GDF5/STC1/CCN3/COL28A1/SIGLEC15/TMEM119/COL11A1/PKDCC/PRKG2/FBN2/SFRP4/FRZB/COL1A1/TNFRSF11B/LEP",25
"GO:0001823","mesonephros development","9/674","52/12380",0.173076923076923,3.17906870577494,3.77828533420334,0.00178275585542234,0.0438818831534689,0.0438818831534689,"VEGFA/SOX9/ZBTB16/AGT/FGFR2/LGR4/FGF10/BMPER/GDNF",9
"GO:0030500","regulation of bone mineralization","9/674","52/12380",0.173076923076923,3.17906870577494,3.77828533420334,0.00178275585542234,0.0438818831534689,0.0438818831534689,"GPM6B/ENPP1/S1PR1/CCN1/TENT5A/TMEM119/PKDCC/FBN2/P2RX7",9
"GO:0099560","synaptic membrane adhesion","6/674","25/12380",0.24,4.40830860534125,4.09313444942742,0.0018507153831923,0.0451014109355737,0.0451014109355737,"CDH6/FLRT3/TENM4/CDH10/LRRC4/SPARCL1",6
"GO:0032535","regulation of cellular component size","25/674","245/12380",0.102040816326531,1.87428086961788,3.31651982169139,0.00185212993742665,0.0451014109355737,0.0451014109355737,"VEGFA/MYADM/ULK2/SSH2/LMOD1/KANK4/ARHGAP28/CDC42EP3/SEMA6D/AMOT/DNM1/KANK1/GPRC5B/DAAM2/KCNK6/CARMIL1/PRKCE/CXCL12/PLXNA4/FGF13/P2RX7/SPTBN4/PAK3/CRACD/SEMA3A",25
"GO:0051051","negative regulation of transport","27/674","272/12380",0.0992647058823529,1.82328940478268,3.29434623950621,0.00185911483840653,0.0451014109355737,0.0451014109355737,"NRG1/APOD/GPM6B/KCNE3/AGT/ENPP1/NEDD4L/IRS2/FOXO1/STC1/CCN3/ADRA2A/ABAT/SH3GL3/ADORA1/THBS1/PKDCC/INHBB/PRKCE/SFRP4/RAB11FIP1/MCTP1/HTR2A/LIF/LEP/EPHA5/IL12A",27
"GO:0002688","regulation of leukocyte chemotaxis","12/674","84/12380",0.142857142857143,2.62399321746503,3.58352465438583,0.00188895850664845,0.0456061465289382,0.0456061465289382,"DUSP1/VEGFA/TNFAIP6/NEDD9/IL34/MSTN/CCN3/THBS1/DAPK2/CXCL12/CCL7/IL12A",12
"GO:0035725","sodium ion transmembrane transport","14/674","107/12380",0.130841121495327,2.40328350758479,3.49808543879834,0.00194547073500704,0.046746882518312,0.046746882518312,"SLC6A6/GRIN2A/AGT/NEDD4L/SCN7A/SLC38A2/SCN1B/PRKCE/SLC6A9/FGF13/P2RX7/ASIC2/SLC24A3/SLC5A6",14
"GO:0042303","molting cycle","7/674","34/12380",0.205882352941176,3.78163728399372,3.89713356879518,0.00203592483505386,0.0482313460924027,0.0482313460924027,"PER1/SOX9/APCDD1/FGFR2/TGFB2/HPSE/FST",7
"GO:0042633","hair cycle","7/674","34/12380",0.205882352941176,3.78163728399372,3.89713356879518,0.00203592483505386,0.0482313460924027,0.0482313460924027,"PER1/SOX9/APCDD1/FGFR2/TGFB2/HPSE/FST",7
"GO:0045670","regulation of osteoclast differentiation","7/674","34/12380",0.205882352941176,3.78163728399372,3.89713356879518,0.00203592483505386,0.0482313460924027,0.0482313460924027,"TNFAIP6/LRRC17/NEDD9/UBASH3B/MAFB/CAMK4/FSTL3",7
"GO:0098771","inorganic ion homeostasis","27/674","274/12380",0.0985401459854015,1.80998072299595,3.25325495216821,0.00206554769602626,0.0484503645879099,0.0484503645879099,"FAM20A/MT1X/ATP2A2/HMOX1/KCNE3/CCL8/AGT/ENPP1/CORIN/STC1/SCARA5/CACNB2/TRPC6/SCN7A/ADORA1/MT1M/ADCY8/TRPV6/CXCL12/SFRP4/CCL7/SLC24A3/TRPA1/GLUL/MT2A/HTR2A/MT1E",27
"GO:0006563","L-serine metabolic process","4/674","11/12380",0.363636363636364,6.67925546263825,4.52156649561031,0.00211238212630602,0.0484503645879099,0.0484503645879099,"LOC102724560/PHGDH/CBS/PSAT1",4
"GO:0014046","dopamine secretion","4/674","11/12380",0.363636363636364,6.67925546263825,4.52156649561031,0.00211238212630602,0.0484503645879099,0.0484503645879099,"ABAT/CXCL12/GDNF/HTR2A",4
"GO:0042447","hormone catabolic process","4/674","11/12380",0.363636363636364,6.67925546263825,4.52156649561031,0.00211238212630602,0.0484503645879099,0.0484503645879099,"CPA4/CYP19A1/DIO2/HSD17B6",4
"GO:0044342","type B pancreatic cell proliferation","4/674","11/12380",0.363636363636364,6.67925546263825,4.52156649561031,0.00211238212630602,0.0484503645879099,0.0484503645879099,"NR4A3/NR4A1/CCN3/ERRFI1",4
"GO:0071294","cellular response to zinc ion","4/674","11/12380",0.363636363636364,6.67925546263825,4.52156649561031,0.00211238212630602,0.0484503645879099,0.0484503645879099,"MT1X/MT1M/MT2A/MT1E",4
"GO:0097501","stress response to metal ion","4/674","11/12380",0.363636363636364,6.67925546263825,4.52156649561031,0.00211238212630602,0.0484503645879099,0.0484503645879099,"MT1X/MT1M/MT2A/MT1E",4
"GO:0090596","sensory organ morphogenesis","14/674","108/12380",0.12962962962963,2.38103088251456,3.45880489267366,0.00212638875097179,0.0485509395357632,0.0485509395357632,"VEGFA/LCTL/SOX9/EPHB2/NKD1/CHD7/SAMD11/WNT2/SOX4/FZD5/FGFR2/TBX18/FBN2/ALDH1A3",14
"GO:0051251","positive regulation of lymphocyte activation","20/674","182/12380",0.10989010989011,2.01845632112694,3.32125527610354,0.00215736966417511,0.0490364293938181,0.0490364293938181,"INPP5D/EPHB2/SOX4/TGFBR2/SOCS1/ZBTB16/TNFSF13B/IRS2/TNFSF9/SMARCD2/ICOSLG/FGF10/MAP3K8/VCAM1/IGFBP2/DUSP10/IL4I1/FOXO3/LEP/IL12A",20
"GO:0006816","calcium ion transport","25/674","248/12380",0.100806451612903,1.85160811716282,3.25063271401098,0.00218792939533648,0.0495080346586002,0.0495080346586002,"CAMK2A/FAIM2/CACNA1G/GRIN2A/ATP2A2/CCL8/BDKRB1/TMEM37/UBASH3B/CATSPER2/STC1/ADRA2A/MCHR1/CACNB2/TRPC6/TRPV6/CXCL12/P2RX7/PKD1L2/SLC24A3/TRPA1/CLIC2/HTR2A/PLCG2/RAMP3",25
"GO:0090257","regulation of muscle system process","18/674","157/12380",0.114649681528662,2.10587990701015,3.34608799275416,0.00220939756987639,0.0497706256142691,0.0497706256142691,"LMCD1/NR4A3/ATP2A2/AGT/PKP2/FOXO1/STC1/MSTN/ADRA2A/ABAT/CACNB2/KCNB2/ADORA1/ERRFI1/FGF13/FOXO3/CLIC2/ADRA1B",18
"GO:0002043","blood vessel endothelial cell proliferation involved in sprouting angiogenesis","5/674","18/12380",0.277777777777778,5.10220903395978,4.17905550607878,0.00223015778936469,0.0497937000227178,0.0497937000227178,"VEGFA/HMOX1/THBS1/BMPER/IL12A",5
"GO:0014850","response to muscle activity","5/674","18/12380",0.277777777777778,5.10220903395978,4.17905550607878,0.00223015778936469,0.0497937000227178,0.0497937000227178,"SLC7A5/AGT/FNDC5/MSTN/SLC38A2",5
"GO:0001936","regulation of endothelial cell proliferation","13/674","97/12380",0.134020618556701,2.46168435865276,3.46781332232255,0.00224083432238831,0.049811673968156,0.049811673968156,"VEGFA/COL4A3/HMOX1/NR4A1/HMGB2/THBS1/VASH2/CXCL12/EGR3/ANG/LEP/RGCC/IL12A",13
