"gs_name","gs_description","drug_name"
"ADDYA_ERYTHROID_DIFFERENTIATION_BY_HEMIN","Selected genes changed in K562 (immortalized erythroleukemia) cells induced by hemin [PubChem=26945] treatment to express erythroid properties.","hemin"
"AMBROSINI_FLAVOPIRIDOL_TREATMENT_TP53","Genes down-regulated by flavopiridol [PubChem=5287969] in the HCT116 cells (colon cancer) depending on their TP53 [GeneID=7157] status: wild-type vs loss of the gene's function (LOF).","flavopiridol"
"AMUNDSON_RESPONSE_TO_ARSENITE","Genes discriminating responses to sodium arsenite [PubChem=26435] from other stresses.","arsenite"
"APPEL_IMATINIB_RESPONSE","Genes up-regulated by imatinib [PubChem=5291] during dendritic cell differentiation.","imatinib"
"APPIERTO_RESPONSE_TO_FENRETINIDE_DN","Genes down-regulated in A2780 cells (ovarian carcinoma) exposed to fenretinide [PubChem=1744].","fenretinide"
"APPIERTO_RESPONSE_TO_FENRETINIDE_UP","Genes up-regulated in A2780 cells (ovarian carcinoma) exposed to fenretinide [PubChem=1744].","fenretinide"
"BACOLOD_RESISTANCE_TO_ALKYLATING_AGENTS_DN","Genes down-regulated in D-341 MED (OBR) cells (medulloblastoma) resistant to both carmustine and O6-BG [PubChem=2578;4578].","o6-bg"
"BACOLOD_RESISTANCE_TO_ALKYLATING_AGENTS_UP","Genes up-regulated in D-341 MED (OBR) cells (medulloblastoma) resistant to both carmustine and O6-BG [PubChem=2578;4578].","o6-bg"
"BANDRES_RESPONSE_TO_CARMUSTIN_MGMT_24HR_DN","Genes down-regulated in T98G cells (glioma, express MGMT [GeneID=4255]) by carmustine [PubChem=2578] at 24 h.","carmustine"
"BANDRES_RESPONSE_TO_CARMUSTIN_MGMT_24HR_UP","Genes up-regulated in T98G cells (glioma, express MGMT [GeneID=4255]) by carmustine [PubChem=2578] at 24 h.","carmustine"
"BANDRES_RESPONSE_TO_CARMUSTIN_MGMT_48HR_DN","Genes down-regulated in T98G cells (glioma, express MGMT [GeneID=4255]) by carmustine [PubChem=2578] at 48 h.","carmustine"
"BANDRES_RESPONSE_TO_CARMUSTIN_MGMT_48HR_UP","Genes up-regulated in T98G cells (glioma, express MGMT [GeneID=4255]) by carmustine [PubChem=2578] at 48 h.","carmustine"
"BANDRES_RESPONSE_TO_CARMUSTIN_WITHOUT_MGMT_24HR_DN","Genes down-regulated in A172 cells (glioma, does not express MGMT [GeneID=4255]) by carmustine [PubChem=2578] at 24 h.","carmustine"
"BANDRES_RESPONSE_TO_CARMUSTIN_WITHOUT_MGMT_24HR_UP","Genes up-regulated in A172 cells (glioma, does not express MGMT [GeneID=4255]) by carmustine [PubChem=2578] at 24 h.","carmustine"
"BANDRES_RESPONSE_TO_CARMUSTIN_WITHOUT_MGMT_48HR_DN","Genes down-regulated in A172 cells (glioma, does not express MGMT [GeneID=4255]) by carmustine [PubChem=2578] at 48 h.","carmustine"
"BANDRES_RESPONSE_TO_CARMUSTIN_WITHOUT_MGMT_48HR_UP","Genes up-regulated in A172 cells (glioma, does not express MGMT [GeneID=4255]) by carmustine [PubChem=2578] at 48 h.","carmustine"
"BECKER_TAMOXIFEN_RESISTANCE_DN","Genes down-regulated in a breast cancer cell line resistant to tamoxifen [PubChem=5376] compared to the parental line sensitive to the drug.","tamoxifen"
"BECKER_TAMOXIFEN_RESISTANCE_UP","Genes up-regulated in a breast cancer cell line resistant to tamoxifen [PubChem=5376] compared to the parental line sensitive to the drug.","tamoxifen"
"BERENJENO_ROCK_SIGNALING_NOT_VIA_RHOA_DN","Genes down-regulated in NIH3T3 cells (fibroblasts) after treatment with Y27632 [PubChem=123862], an inhibitor of ROCK proteins; the changes did not depend on expression of constitutively active (Q63L) form of RHOA [GeneID=387].","y27632"
"BERENJENO_ROCK_SIGNALING_NOT_VIA_RHOA_UP","Genes up-regulated in NIH3T3 cells (fibroblasts) after treatment with Y27632 [PubChem=123862], an inhibitor of ROCK proteins; the changes did not depend on expression of constitutively active (Q63L) form of RHOA [GeneID=387].","y27632"
"BERENJENO_TRANSFORMED_BY_RHOA_FOREVER_DN","Genes down-regulated in NIH3T3 cells (fibroblasts) transfrormed by expression of constitutively active (Q63L) form of RHOA [GeneID=387] off plasmid vector; their expression did NOT reverted completely after treatment with Y27632 [PubChem=123862], an inhibitor of ROCK proteins.","y27632"
"BERENJENO_TRANSFORMED_BY_RHOA_FOREVER_UP","Genes up-regulated in NIH3T3 cells (fibroblasts) transfrormed by expression of constitutively active (Q63L) form of RHOA [GeneID=387] off plasmid vector; their expression did NOT reverted completely after treatment with Y27632 [PubChem=123862], an inhibitor of ROCK proteins.","y27632"
"BERENJENO_TRANSFORMED_BY_RHOA_REVERSIBLY_DN","Genes down-regulated in NIH3T3 cells (fibroblasts) transformed by  expression of contitutively active (Q63L) form of RHOA [GeneID=387] off plasmid vector; their expression reverted completely after treatment with Y27632 [PubChem=123862], an inhibitor of ROCK proteins.","y27632"
"BERENJENO_TRANSFORMED_BY_RHOA_REVERSIBLY_UP","Genes up-regulated in NIH3T3 cells (fibroblasts) transformed by  expression of contitutively active (Q63L) form of RHOA [GeneID=387] off plasmid vector; their expression reverted completely after treatment with Y27632 [PubChem=123862], an inhibitor of ROCK proteins.","y27632"
"BHATI_G2M_ARREST_BY_2METHOXYESTRADIOL_DN","Down-regulated genes in MDA-MB-435 cells (breast cancer) undergoing G2/M arrest after treatment with 2-methoxyestradiol (2ME2) [PubChem=1573].","(2me2)"
"BHATI_G2M_ARREST_BY_2METHOXYESTRADIOL_UP","Up-regulated genes in MDA-MB-435 cells (breast cancer) undergoing G2/M arrest after treatment with 2-methoxyestradiol (2ME2)[PubChem=1573].","(2me2)"
"BHAT_ESR1_TARGETS_NOT_VIA_AKT1_DN","Genes bound by ESR1 [GeneID=2099] and down-regulated by estradiol [PubChem=5757] in MCF-7 cells (breast cancer).","estradiol"
"BHAT_ESR1_TARGETS_NOT_VIA_AKT1_UP","Genes bound by ESR1 [GeneID=2099] and up-regulated by estradiol [PubChem=5757] in MCF-7 cells (breast cancer).","estradiol"
"BHAT_ESR1_TARGETS_VIA_AKT1_DN","Genes bound by ESR1 [GeneID=2099] and down-regulated by estradiol [PubChem=5757] in MCF-7 cells (breast cancer) expressing constitutevly active form of AKT1 [GeneID=207].","estradiol"
"BHAT_ESR1_TARGETS_VIA_AKT1_UP","Genes bound by ESR1 [GeneID=2099] and up-regulated by estradiol [PubChem=5757] in MCF-7 cells (breast cancer) expressing constitutevly active form of AKT1 [GeneID=207].","estradiol"
"BILANGES_RAPAMYCIN_SENSITIVE_GENES","Genes translationally regulated in MEF cells (embryonic fibroblasts) by rapamycin (sirolimus) [PubChem=6610346] but not in response to serum deprivation.","(sirolimus)"
"BILANGES_RAPAMYCIN_SENSITIVE_VIA_TSC1_AND_TSC2","Genes translationally repressed by rapamycin (sirolimus) [PubChem=6610346] in MEF cells (embryonic fibroblast) lacking either TSC1 or TSC2 [GeneID=7248, 7249] but not in the wild type cells.","(sirolimus)"
"BILANGES_SERUM_AND_RAPAMYCIN_SENSITIVE_GENES","Genes translationally regulated in MEF cells (embryonic fibroblasts) in response to serum starvation and by rapamycin (sirolimus) [PubChem=6610346].","(sirolimus)"
"BILANGES_SERUM_SENSITIVE_GENES","Genes translationally regulated in MEF cells (embryonic fibroblasts) in response to serum starvation but not by rapamycin (sirolimus) [PubChem=6610346].","(sirolimus)"
"BLUM_RESPONSE_TO_SALIRASIB_DN","Selected genes down-regulated in response to the Ras inhibitor salirasib [PubChem=5469318] in a panel of cancer cell lines with constantly active HRAS [GeneID=3265].","salirasib"
"BLUM_RESPONSE_TO_SALIRASIB_UP","Selected genes up-regulated in response to the Ras inhibitor salirasib [PubChem=5469318] in a panel of cancer cell lines with constantly active HRAS [GeneID=3265].","salirasib"
"BOWIE_RESPONSE_TO_TAMOXIFEN","Genes up-regulated  by tamoxifen [PubChem=5376] in HMEC-E6 cells (mammary epithelial cells damaged by expression of HPV-16 E6 [GeneID=1489078]).","tamoxifen"
"BRACHAT_RESPONSE_TO_CAMPTOTHECIN_DN","Genes specifically down-regulated in FL5.12 cells (pro-B lymphocyte) by  camptothecin [PubChem=2538].","camptothecin"
"BRACHAT_RESPONSE_TO_CAMPTOTHECIN_UP","Genes specifically up-regulated in FL5.12 cells (pro-B lymphocyte) by  camptothecin [PubChem=2538].","camptothecin"
"BRACHAT_RESPONSE_TO_CISPLATIN","Genes up-regulated in FL5.12 cells (pro-B lymphocyte) in response to cisplatin [PubChem=2767].","cisplatin"
"BRACHAT_RESPONSE_TO_METHOTREXATE_DN","Genes down-regulated in  FL5.12 cells (pro-B lymphocyte) in response to methotrexate [PubChem=4112].","methotrexate"
"BRACHAT_RESPONSE_TO_METHOTREXATE_UP","Genes up-regulated in  FL5.12 cells (pro-B lymphocyte) in response to methotrexate [PubChem=4112].","methotrexate"
"CAFFAREL_RESPONSE_TO_THC_24HR_3_DN","Genes down-regulated in EVSA-T cells (breast cancer) after treatment with 3 micromolar THC (delta-9-tetrahydrocannabinol) [PubChem=6610319] for 24 h.","(delta-9-tetrahydrocannabinol)"
"CAFFAREL_RESPONSE_TO_THC_24HR_3_UP","Genes up-regulated in EVSA-T cells (breast cancer) after treatment with 3 micromolar THC (delta-9-tetrahydrocannabinol) [PubChem=6610319] for 24 h.","(delta-9-tetrahydrocannabinol)"
"CAFFAREL_RESPONSE_TO_THC_24HR_5_DN","Genes down-regulated in EVSA-T cells (breast cancer) treated with 5 micromolar THC (delta-9-tetrahydrocannabinol) [PubChem=6610319] for 24 h.","(delta-9-tetrahydrocannabinol)"
"CAFFAREL_RESPONSE_TO_THC_24HR_5_UP","Genes up-regulated in EVSA-T cells (breast cancer) treated with 5 micromolar THC (delta-9-tetrahydrocannabinol) [PubChem=6610319] for 24 h.","(delta-9-tetrahydrocannabinol)"
"CAFFAREL_RESPONSE_TO_THC_8HR_3_DN","Genes down-regulated in EVSA-T cells (breast cancer) treated with 3 micromolar THC (delta-9-tetrahydrocannabinol) [PubChem=6610319] for 8 h.","(delta-9-tetrahydrocannabinol)"
"CAFFAREL_RESPONSE_TO_THC_8HR_3_UP","Genes up-regulated in EVSA-T cells (breast cancer) treated with 3 micromolar THC (delta-9-tetrahydrocannabinol) [PubChem=6610319] for 8 h.","(delta-9-tetrahydrocannabinol)"
"CAFFAREL_RESPONSE_TO_THC_8HR_5_DN","Genes down-regulated in EVSA-T cells (breast cancer) treated with 5 micromolar THC (delta-9-tetrahydrocannabinol) [PubChem=6610319] for 8 h.","(delta-9-tetrahydrocannabinol)"
"CAFFAREL_RESPONSE_TO_THC_8HR_5_UP","Genes up-regulated in EVSA-T cells (breast cancer) treated with 5 micromolar THC (delta-9-tetrahydrocannabinol) [PubChem=6610319] for 8 h.","(delta-9-tetrahydrocannabinol)"
"CAFFAREL_RESPONSE_TO_THC_DN","Genes down-regulated in EVSA-T cells (breast cancer) treated THC (delta-9-tetrahydrocannabinol) [PubChem=6610319].","(delta-9-tetrahydrocannabinol)"
"CAFFAREL_RESPONSE_TO_THC_UP","Genes up-regulated in EVSA-T cells (breast cancer) treated THC (delta-9-tetrahydrocannabinol) [PubChem=6610319].","(delta-9-tetrahydrocannabinol)"
"CALVET_IRINOTECAN_SENSITIVE_VS_REVERTED_DN","Genes down-regulated in neuroblastoma xenografts: resistant vs those that reverted to be sensitive to the topoisomerase inhibitor irinotecan [PubChem=3750].","irinotecan"
"CALVET_IRINOTECAN_SENSITIVE_VS_REVERTED_UP","Genes up-regulated in neuroblastoma xenografts: resistant vs those that reverted to be sensitive to the topoisomerase inhibitor irinotecan [PubChem=3750].","irinotecan"
"CARDOSO_RESPONSE_TO_GAMMA_RADIATION_AND_3AB","Down-regulated synergystically by gamma-irradiation and 3-aminobenzamine [PubChem=1645], an inhibitor of PARP1 [GeneID=142].","3-aminobenzamine"
"CHAUHAN_RESPONSE_TO_METHOXYESTRADIOL_DN","Genes down-regulated by 2-methoxyestradiol (2ME2) [PubChem=1573] in the MM.1S cell line (multiple myeloma) sensitive to dexamethasone [PubChem=5743].","dexamethasone"
"CHAUHAN_RESPONSE_TO_METHOXYESTRADIOL_UP","Genes up-regulated by 2-methoxyestradiol (2ME2) [PubChem=1573] in the MM.1S cell line (multiple myeloma) sensitive to dexamethasone [PubChem=5743].","dexamethasone"
"CHEMNITZ_RESPONSE_TO_PROSTAGLANDIN_E2_DN","Genes down-regulated in CD4+ [GeneID=920] T lymphocytes after stimulation with prostaglandin E2 [PubChem=5280360].","e2"
"CHEMNITZ_RESPONSE_TO_PROSTAGLANDIN_E2_UP","Genes up-regulated in CD4+ [GeneID=920] T lymphocytes after stimulation with prostaglandin E2 [PubChem=5280360].","e2"
"CHENG_IMPRINTED_BY_ESTRADIOL","Genes whose CpG islands became hypermethylated in breast progenitor cells pre-exposed to estradiol [PubChem=5757].","estradiol"
"CHENG_RESPONSE_TO_NICKEL_ACETATE","Genes down-regulated in HPL1D cells (lung epithelium) upon exposure to nickel acetate [PubChem=9756].","acetate"
"CHEOK_RESPONSE_TO_HD_MTX_DN","Genes specifically down-regulated in pediatric acute lymphoblastic leukemia (ALL) patients by high-dose methotrexate (HDMTX) [PubChem=4112].","(hdmtx)"
"CHEOK_RESPONSE_TO_HD_MTX_UP","Genes specifically up-regulated in pediatric acute lymphoblastic leukemia (ALL) patients by high-dose methotrexate (HDMTX) [PubChem=4112].","(hdmtx)"
"CHEOK_RESPONSE_TO_MERCAPTOPURINE_AND_HD_MTX_DN","Genes specifically down-regulated in pediatric acute lymphoblastic leukemia (ALL) patients by mercaptopurine [PubChem=667490] and high dose methotrexate (HDMTX) [PubChem=4112].","(hdmtx)"
"CHEOK_RESPONSE_TO_MERCAPTOPURINE_AND_HD_MTX_UP","Genes specifically up-regulated in pediatric acute lymphoblastic leukemia (ALL) patients by mercaptopurine [PubChem=667490] and high dose methotrexate (HDMTX) [PubChem=4112].","(hdmtx)"
"CHEOK_RESPONSE_TO_MERCAPTOPURINE_AND_LD_MTX_DN","Genes specifically down-regulated in pediatric acute lymphoblastic leukemia (ALL) patients by mercaptopurine [PubChem=667490] and low-dose methotrexate (LDMTX) [PubChem=4112].","(ldmtx)"
"CHEOK_RESPONSE_TO_MERCAPTOPURINE_AND_LD_MTX_UP","Genes specifically up-regulated in pediatric acute lymphoblastic leukemia (ALL) patients by mercaptopurine [PubChem=667490] and low-dose methotrexate (LDMTX) [PubChem=4112].","(ldmtx)"
"CHEOK_RESPONSE_TO_MERCAPTOPURINE_DN","Genes specifically down-regulated in pediadric acute lymphoblastic leukemia (ALL) patients by mercaptopurine [PubChem=667490].","mercaptopurine"
"CHEOK_RESPONSE_TO_MERCAPTOPURINE_UP","Genes specifically up-regulated in pediadric acute lymphoblastic leukemia (ALL) patients by mercaptopurine [PubChem=667490].","mercaptopurine"
"CHIBA_RESPONSE_TO_TSA","Genes up-regulated in more than one of several human hepatoma cell lines by TSA [PubChem=5562].","tsa"
"CHIBA_RESPONSE_TO_TSA_DN","Cancer related genes down-regulated in any of four hepatoma cell lines following 24 h treatment with TSA [PubChem=5562].","tsa"
"CHIBA_RESPONSE_TO_TSA_UP","Cancer related genes up-regulated in any of four hepatoma cell lines following 24 h treatment with TSA [PubChem=5562].","tsa"
"CHUANG_OXIDATIVE_STRESS_RESPONSE_DN","Genes down-regulated in MCF7 cells (breast cancer) after treatment with the oxydants: hydrogen peroxyde, menadione, and t-butyl hydroperoxyde [PubChem=784;4055;6410].","hydroperoxyde"
"CHUANG_OXIDATIVE_STRESS_RESPONSE_UP","Genes up-regulated in MCF7 cells (breast cancer) after treatment with the oxydants: hydrogen peroxyde, menadione, and t-butyl hydroperoxyde [PubChem=784;4055;6410].","hydroperoxyde"
"COLDREN_GEFITINIB_RESISTANCE_DN","Genes down-regulated in NSCLC (non-small cell lung carcinoma) cell lines resistant to gefitinib [PubChem=123631] compared to the sensitive ones.","gefitinib"
"COLDREN_GEFITINIB_RESISTANCE_UP","Genes up-regulated in NSCLC (non-small cell lung carcinoma) cell lines resistant to gefitinib [PubChem=123631] compared to the sensitive ones.","gefitinib"
"CONCANNON_APOPTOSIS_BY_EPOXOMICIN_DN","Genes down-regulated in SH-SY5Y cells (neuroblastoma) after treatment with epoxomicin [PubChem=3035402], a protease inhibitor causing apoptosis.","epoxomicin"
"CONCANNON_APOPTOSIS_BY_EPOXOMICIN_UP","Genes up-regulated in SH-SY5Y cells (neuroblastoma) after treatment with epoxomicin [PubChem=3035402], a protease inhibitor causing apoptosis.","epoxomicin"
"CREIGHTON_AKT1_SIGNALING_VIA_MTOR_DN","Genes in the AKT1 [GeneID=207] pathway which depend on MTOR [GeneID=2475], sensitive to RAD001 (everolimus) [PubChem=6442177].","(everolimus)"
"CREIGHTON_AKT1_SIGNALING_VIA_MTOR_UP","Genes in the AKT1 [GeneID=207] pathway which are independent of MTOR [GeneID=2475], insensitive to RAD001 (everolimus) [PubChem=6442177].","(everolimus)"
"DAIRKEE_CANCER_PRONE_RESPONSE_BPA","'Cancer prone response profile' (CPRP): genes changed in response to bisphenol A [PubChem=6623]  in epithelial cell cultures from patients at high risk of breast cancer.","a"
"DAIRKEE_CANCER_PRONE_RESPONSE_BPA_E2","'Cancer prone response profile' (CPRP): genes common to estradiol and bisphenol A [PubChem=5757;6623]  response of epithelial cell cultures from patients at high risk of breast cancer.","a"
"DAIRKEE_CANCER_PRONE_RESPONSE_E2","'Cancer prone response profile' (CPRP): genes changed in response to estradiol [PubChem=5757]  in epithelial cell cultures from patients at high risk of breast cancer.","estradiol"
"DALESSIO_TSA_RESPONSE","Top genes up-regulated in HEK293 cells (fibroblast) in response to trichostatin A (TSA) [PubChem=5562].","(tsa)"
"DARWICHE_SKIN_TUMOR_PROMOTER_DN","Genes down-regulated during skin tumor progression: epidermis treated with the carcinogen DMBA [PubChem=6001] followed by 20 weekly applications of the tumor promoter TPA [PubChem=4792], compared to the untreated skin.","tpa"
"DARWICHE_SKIN_TUMOR_PROMOTER_UP","Genes up-regulated during skin tumor progression: epidermis treated with the carcinogen DMBA [PubChem=6001] followed by 20 weekly applications of the tumor promoter TPA [PubChem=4792], compared to the untreated skin.","tpa"
"DELACROIX_RAR_TARGETS_DN","Genes bound by RARG [GeneID=5916] and down-regulated by tretinoin (all-trans retinoic acid, ATRA) [PubChem=444795] in MEF cells (embryonic fibroblast).","atra)"
"DELACROIX_RAR_TARGETS_UP","Genes bound by RARG [GeneID=5916] and up-regulated by tretinoin (all-trans retinoic acid, ATRA) [PubChem=444795] in MEF cells (embryonic fibroblast).","atra)"
"DELLA_RESPONSE_TO_TSA_AND_BUTYRATE","Genes up-regulated in HT-29 cells (colon cancer) by the combination of trichostatin A (TSA) and sodium butyrate [PubChem=5562;5222465].","butyrate"
"DIERICK_SEROTONIN_FUNCTION_GENES","Genes involved in serotonin [PubChem=5202] function, orthologs computed from D. melanogaster genes using InsParanoid resource.","serotonin"
"DOANE_RESPONSE_TO_ANDROGEN_DN","Genes down-regulated in MDA-MB-453 cells (class A ER(-) [GeneID=2099] breast cancer) after exposure to the androgen R1881 [PubChem=13766].","r1881"
"DOANE_RESPONSE_TO_ANDROGEN_UP","Genes up-regulated in MDA-MB-453 cells (class A ER(-) [GeneID=2099] breast cancer) after exposure to the androgen R1881 [PubChem=13766].","r1881"
"DONATO_CELL_CYCLE_TRETINOIN","Genes involved in cell cycle regulation which were up-regulated in MCF-7 cells (breast cancer) by tretinoin (retinoic acid) [PubChem=444795].","acid)"
"DUTERTRE_ESTRADIOL_RESPONSE_24HR_DN","Genes down-regulated in MCF7 cells (breast cancer) at 24 h of estradiol [PubChem=5757] treatment.","estradiol"
"DUTERTRE_ESTRADIOL_RESPONSE_24HR_UP","Genes up-regulated in MCF7 cells (breast cancer) at 24 h of estradiol [PubChem=5757] treatment.","estradiol"
"DUTERTRE_ESTRADIOL_RESPONSE_6HR_DN","Genes down-regulated in MCF7 cells (breast cancer) at 6 h of estradiol [PubChem=5757] treatment.","estradiol"
"DUTERTRE_ESTRADIOL_RESPONSE_6HR_UP","Genes up-regulated in MCF7 cells (breast cancer) at 6 h of estradiol [PubChem=5757] treatment.","estradiol"
"EGUCHI_CELL_CYCLE_RB1_TARGETS","RB1 [GeneID=5925] target genes involved in cell cycle regulation: genes down-regulated by doxorubicin [PubChem=31703] only in cells expressing RB1.","doxorubicin"
"ELVIDGE_HYPOXIA_BY_DMOG_DN","Genes down-regulated in MCF7 cells (breast cancer) treated with hypoxia mimetic DMOG [PubChem=3080614].","dmog"
"ELVIDGE_HYPOXIA_BY_DMOG_UP","Genes up-regulated in MCF7 cells (breast cancer) treated with hypoxia mimetic DMOG [PubChem=3080614].","dmog"
"FERRARI_RESPONSE_TO_FENRETINIDE_DN","Genes down-regulated in HUVEC cells (umbilical vein endothelium) by fenretinide [PubChem=1744].","fenretinide"
"FERRARI_RESPONSE_TO_FENRETINIDE_UP","Genes up-regulated in HUVEC cells (umbilical vein endothelium) by fenretinide [PubChem=1744].","fenretinide"
"FRASOR_RESPONSE_TO_ESTRADIOL_DN","Genes down-regulated in MCF-7 cells (breast cancer) by estradiol (E2) [PubChem=5757].","(e2)"
"FRASOR_RESPONSE_TO_ESTRADIOL_UP","Genes up-regulated in MCF-7 cells (breast cancer) by estradiol (E2) [PubChem=5757].","(e2)"
"FRASOR_RESPONSE_TO_SERM_OR_FULVESTRANT_DN","Genes down-regulated in MCF-7 cells (breast cancer) by selective estrogen receptor modulators (SERM) 4-hydroxytamoxifen, raloxifene, or ICI 182780 but not by estradiol [PubChem=44959;5035;3478439;5757].","estradiol"
"FRASOR_RESPONSE_TO_SERM_OR_FULVESTRANT_UP","Genes up-regulated in MCF-7 cells (breast cancer) by selective estrogen receptor modulators (SERM) 4-hydroxytamoxifen, raloxifene, or ICI 182780 but not by estradiol [PubChem=44959;5035;3478439;5757].","estradiol"
"FRASOR_TAMOXIFEN_RESPONSE_DN","Genes preferentially down-regulated in MCF-7 cells (breast cancer) by tamoxifen [PubChem=5376] but not by estradiol or fulvestrant (ICI 182780) [PubChem=5757;3478439].","182780)"
"FRASOR_TAMOXIFEN_RESPONSE_UP","Genes preferentially up-regulated in MCF-7 cells (breast cancer) by tamoxifen [PubChem=5376] but not by estradiol or fulvestrant (ICI 182780) [PubChem=5757;3478439].","182780)"
"GAJATE_RESPONSE_TO_TRABECTEDIN_DN","Genes down-regulated in HeLa cells (cervical carcinoma) by trabectedin [PubChem=3199].","trabectedin"
"GAJATE_RESPONSE_TO_TRABECTEDIN_UP","Genes up-regulated in HeLa cells (cervical carcinoma) by trabectedin [PubChem=3199].","trabectedin"
"GALI_TP53_TARGETS_APOPTOTIC_DN","Apoptosis genes down-regulated by TP53 [GeneID=7157] in HCT116 cells (colon cancer) treated with thymoquinone [PubChem=10281].","thymoquinone"
"GALI_TP53_TARGETS_APOPTOTIC_UP","Apoptosis genes up-regulated by TP53 [GeneID=7157] in HCT116 cells (colon cancer) treated with thymoquinone [PubChem=10281].","thymoquinone"
"GAUTSCHI_SRC_SIGNALING","Genes down-regulated in A549 cells (lung cancer) after treatment with AZD0530 [PubChem=10302451], a SRC [GeneID=6714] kinase inhibitor.","azd0530"
"GERHOLD_RESPONSE_TO_TZD_DN","Genes down-regulated in 3T3-L1 cells (fibroblast) induced to differentiate to mature adipocytes and then treated with a TZD derivative AD-5075 [PubChem=128440], a PPARG [GeneID=5468] activator.","ad-5075"
"GERHOLD_RESPONSE_TO_TZD_UP","Genes up-regulated in 3T3-L1 cells (fibroblast) induced to differentiate to mature adipocytes and then treated with a TZD derivative AD-5075 [PubChem=128440], a PPARG [GeneID=5468] activator.","ad-5075"
"GOBERT_CORE_OLIGODENDROCYTE_DIFFERENTIATION","Oligodendrocyte core differentiation genes: up-regulated in Oli-neo cells (oligodendroglial precursor) at 10 h after treatment with PD174265, dexamethasone or isotretinoin [PubChem=4709, 5743, 5282379].","isotretinoin"
"GOBERT_OLIGODENDROCYTE_DIFFERENTIATION_DN","Genes down-regulated during differentiation of Oli-Neu cells (oligodendroglial precursor) in response to PD174265 [PubChem=4709].","pd174265"
"GOBERT_OLIGODENDROCYTE_DIFFERENTIATION_UP","Genes up-regulated during later stage of differentiation of Oli-Neu cells (oligodendroglial precursor) in response to PD174265 [PubChem=4709].","pd174265"
"GRAESSMANN_APOPTOSIS_BY_DOXORUBICIN_DN","Genes down-regulated in ME-A cells (breast cancer) undergoing apoptosis in response to doxorubicin [PubChem=31703].","doxorubicin"
"GRAESSMANN_APOPTOSIS_BY_DOXORUBICIN_UP","Genes up-regulated in ME-A cells (breast cancer) undergoing apoptosis in response to doxorubicin [PubChem=31703].","doxorubicin"
"GRAESSMANN_RESPONSE_TO_MC_AND_DOXORUBICIN_DN","Genes down-regulated in ME-A cells (breast cancer, sensitive to apoptotic stimuli) exposed to doxorubicin [PubChem=31703] in the presence of medium concentrate (MC) from ME-C cells (breast cancer, resistant to apoptotic stimuli).","doxorubicin"
"GRAESSMANN_RESPONSE_TO_MC_AND_DOXORUBICIN_UP","Genes up-regulated in ME-A cells (breast cancer, sensitive to apoptotic stimuli) exposed to doxorubicin [PubChem=31703] in the presence of medium concentrate (MC) from ME-C cells (breast cancer, resistant to apoptotic stimuli).","doxorubicin"
"GREGORY_SYNTHETIC_LETHAL_WITH_IMATINIB","Genes identified as synthetic lethal with imatinib [PubChem=5291] in RNAi screen in K562 cells (CML, chronic myelogenous leukemia).","imatinib"
"GYORFFY_DOXORUBICIN_RESISTANCE","Genes associated with resistance to doxorubicin [PubChem=31703].","doxorubicin"
"GYORFFY_MITOXANTRONE_RESISTANCE","Genes associated with resistance to mitoxantrone [PubChem=4212].","mitoxantrone"
"HAEGERSTRAND_RESPONSE_TO_IMATINIB","Genes with the highest differential expression in primary tissue cultures of high grade glioma: responders vs non-responders to imatinib [PubChem=5291] treatment.","imatinib"
"HANN_RESISTANCE_TO_BCL2_INHIBITOR_DN","Genes down-regulated in SCLC (small cell lung cancer) cells with acquired resistance to ABT-737 [PubChem=11228183], an inhibitor of the BCL2 [GeneID=596] family proteins.","abt-737"
"HANN_RESISTANCE_TO_BCL2_INHIBITOR_UP","Genes up-regulated in SCLC (small cell lung cancer) cells with acquired resistance to ABT-737 [PubChem=11228183], an inhibitor of the BCL2 [GeneID=596] family proteins.","abt-737"
"HELLEBREKERS_SILENCED_DURING_TUMOR_ANGIOGENESIS","Genes down-regulated in  tumor-conditioned vs quiescent endothelial cells and up-regulated upon treatment with decitabine and TSA [PubChem=451668;5562].","tsa"
"HELLER_HDAC_TARGETS_DN","Genes down-regulated in at least one of three multiple myeloma (MM) cell lines by TSA [PubChem=5562].","tsa"
"HELLER_HDAC_TARGETS_SILENCED_BY_METHYLATION_DN","Genes down-regulated in multiple myeloma (MM) cell lines treated with both decitabine [PubChem=451668] TSA [PubChem=5562].","tsa"
"HELLER_HDAC_TARGETS_SILENCED_BY_METHYLATION_UP","Genes up-regulated in multiple myeloma (MM) cell lines treated with both decitabine [PubChem=451668] TSA [PubChem=5562].","tsa"
"HELLER_HDAC_TARGETS_UP","Genes up-regulated in at least one of three multiple myeloma (MM) cell lines by TSA [PubChem=5562].","tsa"
"HELLER_SILENCED_BY_METHYLATION_DN","Genes down-regulated in at least one of three multiple myeloma (MM) cell lines treated with the DNA hypomethylating agent decitabine (5-aza-2'-deoxycytidine) [PubChem=451668].","(5-aza-2'-deoxycytidine)"
"HELLER_SILENCED_BY_METHYLATION_UP","Genes up-regulated in at least one of three multiple myeloma (MM) cell lines treated with the DNA hypomethylating agent decitabine (5-aza-2'-deoxycytidine) [PubChem=451668].","(5-aza-2'-deoxycytidine)"
"HERNANDEZ_ABERRANT_MITOSIS_BY_DOCETACEL_2NM_DN","Genes down-regulated in MDA-MB-231 cells (breast cancer, mutated TP53 [GeneID=7157]) undergoing aberrant mitosis and necrosis after treatment with 2 nM docetaxel [PubChem=148124].","docetaxel"
"HERNANDEZ_ABERRANT_MITOSIS_BY_DOCETACEL_2NM_UP","Genes up-regulated in MDA-MB-231 cells (breast cancer, mutated TP53 [GeneID=7157]) undergoing aberrant mitosis and necrosis after treatment with 2 nM docetaxel [PubChem=148124].","docetaxel"
"HERNANDEZ_ABERRANT_MITOSIS_BY_DOCETACEL_4NM_DN","Genes down-regulated in MCF7 cells (breast cancer, normal TP53 [GeneID=7157]) undergoing aberrant mitosis and necrosis after treatment wiht 4 nM docetaxel [PubChem=148124].","docetaxel"
"HERNANDEZ_ABERRANT_MITOSIS_BY_DOCETACEL_4NM_UP","Genes up-regulated in MCF7 cells (breast cancer, normal TP53 [GeneID=7157]) undergoing aberrant mitosis and necrosis after treatment wiht 4 nM docetaxel [PubChem=148124].","docetaxel"
"HERNANDEZ_MITOTIC_ARREST_BY_DOCETAXEL_1_DN","Genes down-regulated in MCF7 cells (breast cancer, normal TP53 [GeneID=7157]) undergoing mitotic arrest and apoptosis after treatment with 100 nM docetaxel [PubChem=148124].","docetaxel"
"HERNANDEZ_MITOTIC_ARREST_BY_DOCETAXEL_1_UP","Genes up-regulated in MCF7 cells (breast cancer, normal TP53 [GeneID=7157]) undergoing mitotic arrest and apoptosis after treatment with 100 nM docetaxel [PubChem=148124].","docetaxel"
"HERNANDEZ_MITOTIC_ARREST_BY_DOCETAXEL_2_DN","Genes down-regulated in MDA-MB-231 cells (breast cancer, mutated TP53 [GeneID=7157]) undergoing mitotic arrest and apoptosis after treatment with 100 nM docetaxel [PubChem=148124].","docetaxel"
"HERNANDEZ_MITOTIC_ARREST_BY_DOCETAXEL_2_UP","Genes up-regulated in MDA-MB-231 cells (breast cancer, mutated TP53 [GeneID=7157]) undergoing mitotic arrest and apoptosis after treatment with 100 nM docetaxel [PubChem=148124].","docetaxel"
"HOLLEMAN_DAUNORUBICIN_ALL_DN","Genes distinguishing daunorubicin [PubChem=30323] resistant and sensitive ALL (B- and T-lineage ALL); here - genes down-regulated in the drug resistant samples.","daunorubicin"
"HOLLEMAN_DAUNORUBICIN_ALL_UP","Genes distinguishing daunorubicin [PubChem=30323] resistant and sensitive ALL (B- and T-lineage ALL); here - genes up-regulated in the drug resistant samples.","daunorubicin"
"HOLLEMAN_DAUNORUBICIN_B_ALL_DN","Genes distinguishing daunorubicin [PubChem=30323] resistant and sensitive B-lineage ALL; here - genes down-regulated in the drug resistant samples.","daunorubicin"
"HOLLEMAN_DAUNORUBICIN_B_ALL_UP","Genes distinguishing daunorubicin [PubChem=30323] resistant and sensitive B-lineage ALL; here - genes up-regulated in the drug resistant samples.","daunorubicin"
"HOLLEMAN_PREDNISOLONE_RESISTANCE_ALL_DN","Genes distinguishing prednisolone [PubChem=5755] resistant and sensitive ALL (B- and T-lineage ALL); here - genes down-regulated in the drug resistant samples.","prednisolone"
"HOLLEMAN_PREDNISOLONE_RESISTANCE_ALL_UP","Genes distinguishing prednisolone [PubChem=5755] resistant and sensitive ALL (B- and T-lineage ALL); here - genes up-regulated in the drug resistant samples.","prednisolone"
"HOLLEMAN_PREDNISOLONE_RESISTANCE_B_ALL_DN","Genes distinguishing prednisolone [PubChem=5755] resistant and sensitive B-lineage ALL; here - genes down-regulated in the drug resistant samples.","prednisolone"
"HOLLEMAN_PREDNISOLONE_RESISTANCE_B_ALL_UP","Genes distinguishing prednisolone [PubChem=5755] resistant and sensitive B-lineage ALL; here - genes up-regulated in the drug resistant samples.","prednisolone"
"HOLLEMAN_VINCRISTINE_RESISTANCE_ALL_DN","Genes distinguishing vincristine [PubChem=5978] resistant and sensitive ALL (B- and T-lineage ALL); here - genes down-regulated in the drug resistant samples.","vincristine"
"HOLLEMAN_VINCRISTINE_RESISTANCE_ALL_UP","Genes distinguishing vincristine [PubChem=5978] resistant and sensitive ALL (B- and T-lineage ALL); here - genes up-regulated in the drug resistant samples.","vincristine"
"HOLLEMAN_VINCRISTINE_RESISTANCE_B_ALL_DN","Genes distinguishing vincristine [PubChem=5978] resistant and sensitive B-lineage ALL; here - genes down-regulated in the drug resistant samples.","vincristine"
"HOLLEMAN_VINCRISTINE_RESISTANCE_B_ALL_UP","Genes distinguishing vincristine [PubChem=5978] resistant and sensitive B-lineage ALL; here - genes up-regulated in the drug resistant samples.","vincristine"
"HONMA_DOCETAXEL_RESISTANCE","Genes up-regulated in MCF7-ADR cell line (breast cancer) resistant to docetaxel [PubChem=148124].","docetaxel"
"HUANG_DASATINIB_RESISTANCE_DN","Genes whose expression negatively correlated with resistance of breast cancer cell lines to dasatinib [PubChem=3062316].","dasatinib"
"HUANG_DASATINIB_SENSITIVITY_UP","Genes whose expression positively correlated with sensitivity of breast cancer cell lines to dasatinib [PubChem=3062316].","dasatinib"
"HUMMERICH_BENIGN_SKIN_TUMOR_DN","Genes down-regulated in benign skin tumors (papilloma) induced by treatment with DMBA and TPA [PubChem=6001;4792] chemicals in the two stage skin carcinogenesis model.","tpa"
"HUMMERICH_BENIGN_SKIN_TUMOR_UP","Genes up-regulated in benign skin tumors (papilloma) induced by treatment with DMBA and TPA [PubChem=6001;4792] chemicals in the two stage skin carcinogenesis model.","tpa"
"HUMMERICH_MALIGNANT_SKIN_TUMOR_DN","Genes down-regulated in malignant skin tumors (squamous cell carcinoma, SCC) formed by treatment with DMBA and TPA [PubChem=6001;4792] in the two stage skin carcinogenesis model.","tpa"
"HUMMERICH_MALIGNANT_SKIN_TUMOR_UP","Genes up-regulated in malignant skin tumors (squamous cell carcinoma, SCC) formed by treatment with DMBA and TPA [PubChem=6001;4792] in the two stage skin carcinogenesis model.","tpa"
"HUMMERICH_SKIN_CANCER_PROGRESSION_DN","Selected genes down-regulated during progression through benign to malignant skin tumors formed by treatment with DMBA and TPA [PubChem=6001;4792] chemicals in the two stage skin carcinogenesis model.","tpa"
"HUMMERICH_SKIN_CANCER_PROGRESSION_UP","Selected genes up-regulated during progression through benign to malignant skin tumors formed by treatment with DMBA and TPA [PubChem=6001;4792] chemicals in the two stage skin carcinogenesis model.","tpa"
"HU_GENOTOXIC_DAMAGE_24HR","Genes most consistently regulated at 24 h by all six genotoxins tested: cisplatin, methyl methanesulfonate, mitomycin C, taxol, hydroxyurea and etoposide [PubChem=2767;4156;5746;4666;3657;36462].","etoposide"
"HU_GENOTOXIC_DAMAGE_4HR","Genes most consistently regulated at 4 h by all six genotoxins tested: cisplatin, methyl methanesulfonate, mitomycin C, taxol, hydroxyurea and etoposide [PubChem=2767;4156;5746;4666;3657;36462].","etoposide"
"HU_GENOTOXIN_ACTION_DIRECT_VS_INDIRECT_24HR","Genes discriminating between direct (cisplatin, MMS, mitomycin C [PubChem=2767;4156;5746]) and indirect (paclitaxel, hydroxyurea, etoposide [PubChem=4666;3657;36462]) acting genotoxins at 24 h time point.","etoposide"
"HU_GENOTOXIN_ACTION_DIRECT_VS_INDIRECT_4HR","Genes discriminating between direct (cisplatin, MMS, mitomycin C [PubChem=2767;4156;5746]) and indirect (paclitaxel, hydroxyurea, etoposide [PubChem=4666;3657;36462]) acting genotoxins at 4 h time point.","etoposide"
"JOSEPH_RESPONSE_TO_SODIUM_BUTYRATE_DN","Genes down-regulated in H460 cells (non-small cell lung carcinoma, NSCLC) after treatment with sodium butyrate [PubChem=5222465].","butyrate"
"JOSEPH_RESPONSE_TO_SODIUM_BUTYRATE_UP","Genes up-regulated in H460 cells (non-small cell lung carcinoma, NSCLC) after treatment with sodium butyrate [PubChem=5222465].","butyrate"
"KANG_CISPLATIN_RESISTANCE_DN","Genes down-regulated in gastric cancer cell lines resistant to cisplatin [PubChem=2767].","cisplatin"
"KANG_CISPLATIN_RESISTANCE_UP","Genes up-regulated in gastric cancer cell lines resistant to cisplatin [PubChem=2767].","cisplatin"
"KANG_DOXORUBICIN_RESISTANCE_DN","Genes down-regulated in gastric cancer cell lines: doxorubicin [PubChem=31703] resistant vs sensitive.","doxorubicin"
"KANG_DOXORUBICIN_RESISTANCE_UP","Genes up-regulated in gastric cancer cell lines: doxorubicin [PubChem=31703] resistant vs sensitive.","doxorubicin"
"KANG_FLUOROURACIL_RESISTANCE_DN","Genes down-regulated in gastric cancer cell lines resistant to 5-fluorouracil [PubChem=3385].","5-fluorouracil"
"KANG_FLUOROURACIL_RESISTANCE_UP","Genes up-regulated in gastric cancer cell lines resistant to 5-fluorouracil [PubChem=3385].","5-fluorouracil"
"KAN_RESPONSE_TO_ARSENIC_TRIOXIDE","Genes changed in U373-MG cells (malignant glioma) upon treatment with arsenic trioxide [PubChem=14888], a chemical that can cause autophagic cell death.","trioxide"
"KERLEY_RESPONSE_TO_CISPLATIN_DN","Genes genes down-regulated in NT2/D1 cells (embryonal carcinoma) in response to treatment with cisplatin [PubChem=2767].","cisplatin"
"KERLEY_RESPONSE_TO_CISPLATIN_UP","Genes genes up-regulated in NT2/D1 cells (embryonal carcinoma) in response to treatment with cisplatin [PubChem=2767].","cisplatin"
"KIM_GASTRIC_CANCER_CHEMOSENSITIVITY","Genes up-regulated in gastric cancer patients refractory to chemotherapy treatment with 5-fluorouracil and cisplatin [PubChem=3385;2767] compared to the sensitive state.","cisplatin"
"KIM_RESPONSE_TO_TSA_AND_DECITABINE_DN","Genes down-regulated in glioma cell lines treated with both decitabine [PubChem=451668] and TSA [PubChem=5562].","tsa"
"KIM_RESPONSE_TO_TSA_AND_DECITABINE_UP","Genes up-regulated in glioma cell lines treated with both decitabine [PubChem=451668] and TSA [PubChem=5562].","tsa"
"KOBAYASHI_EGFR_SIGNALING_24HR_DN","Genes down-regulated in H1975 cells (non-small cell lung cancer, NSCLC) resistant to gefitinib [PubChem=123631] after treatment with EGFR inhibitor CL-387785 [PubChem=2776] for 24h.","cl-387785"
"KOBAYASHI_EGFR_SIGNALING_24HR_UP","Genes up-regulated in H1975 cells (non-small cell lung cancer, NSCLC) resistant to gefitinib [PubChem=123631] after treatment with EGFR inhibitor CL-387785 [PubChem=2776] for 24h.","cl-387785"
"KOBAYASHI_EGFR_SIGNALING_6HR_DN","Genes down-regulated in H1975 cells (non-small cell lung cancer, NSCLC) resistant to gefitinib [PubChem=123631] after treatment with EGFR inhibitor CL-387785 [PubChem=2776] for 6h.","cl-387785"
"KOBAYASHI_EGFR_SIGNALING_6HR_UP","Genes up-regulated in H1975 cells (non-small cell lung cancer, NSCLC) resistant to gefitinib [PubChem=123631] after treatment with EGFR inhibitor CL-387785 [PubChem=2776] for 6h.","cl-387785"
"KOBAYASHI_RESPONSE_TO_ROMIDEPSIN","Genes up-regulated in MM-LH cells (malignant melanoma) after treatment with the HDAC inhibitor romidepsin (FK228) [PubChem=5352062].","(fk228)"
"KOKKINAKIS_METHIONINE_DEPRIVATION_48HR_DN","Genes down-regulated in MEWO cells (melanoma) after 48h of methionine [PubChem=876] deprivation.","methionine"
"KOKKINAKIS_METHIONINE_DEPRIVATION_48HR_UP","Genes up-regulated in MEWO cells (melanoma) after 48h of methionine [PubChem=876] deprivation.","methionine"
"KOKKINAKIS_METHIONINE_DEPRIVATION_96HR_DN","Genes down-regulated in MEWO cells (melanoma) after 96 h of methionine [PubChem=876] deprivation.","methionine"
"KOKKINAKIS_METHIONINE_DEPRIVATION_96HR_UP","Genes up-regulated in MEWO cells (melanoma) after 96 h of methionine [PubChem=876] deprivation.","methionine"
"KRIGE_AMINO_ACID_DEPRIVATION","The 'amino acid deprivation response' (AADR): genes up-regulated in HL-60 cells (acute promyelocytic leukemia, APL) after amino acid deprivation or treatment with the aminopeptidase inhibitor tosedostat (CHR-2797) [PubChem=15547703].","(chr-2797)"
"KRIGE_RESPONSE_TO_TOSEDOSTAT_24HR_DN","Genes down-regulated in HL-60 cells (acute promyelocytic leukemia, APL) after treatment with the aminopeptidase inhibitor tosedostat (CHR-2797) [PubChem=15547703] for 24 h.","(chr-2797)"
"KRIGE_RESPONSE_TO_TOSEDOSTAT_24HR_UP","Genes up-regulated in HL-60 cells (acute promyelocytic leukemia, APL) after treatment with the aminopeptidase inhibitor tosedostat (CHR-2797) [PubChem=15547703] for 24 h.","(chr-2797)"
"KRIGE_RESPONSE_TO_TOSEDOSTAT_6HR_DN","Genes down-regulated in HL-60 cells (acute promyelocytic leukemia, APL) after treatment with the aminopeptidase inhibitor tosedostat (CHR-2797) [PubChem=15547703] for 6 h.","(chr-2797)"
"KRIGE_RESPONSE_TO_TOSEDOSTAT_6HR_UP","Genes up-regulated in HL-60 cells (acute promyelocytic leukemia, APL) after treatment with the aminopeptidase inhibitor tosedostat (CHR-2797) [PubChem=15547703] for 6 h.","(chr-2797)"
"KUMAMOTO_RESPONSE_TO_NUTLIN_3A_DN","Genes down-regulated in response to nutlin-3a [PubChem=216345], an inhibitor of MDM2 [GeneID=4193],  in skin fibroblast cultures after knockdown of TP53 [GeneID=7157] by RNAi.","nutlin-3a"
"KUMAMOTO_RESPONSE_TO_NUTLIN_3A_UP","Genes up-regulated in response to nutlin-3a [PubChem=216345], an inhibitor of MDM2 [GeneID=4193],  in skin fibroblast cultures after knockdown of TP53 [GeneID=7157] by RNAi.","nutlin-3a"
"KUWANO_RNA_STABILIZED_BY_NO","Transcripts stabilized by NO [PubChem=145068] identified as up-regulated by NO [PubChem=145068] in the presence of actinomycin D [PubChemiD=2019] in IMR-90 and NIH 3T3 cells (fibroblast).","no"
"KYNG_RESPONSE_TO_H2O2","Genes up-regulated in response to hydrogen peroxide [PubChem=784] in CS-B cells (Cockayne syndrome fibroblast, CS) expressing ERCC6 [GeneID=2074] off a plasmid vector.","peroxide"
"KYNG_RESPONSE_TO_H2O2_VIA_ERCC6","Genes down-regulated in CS-B cells (Cockayne syndrome fibroblast, CS) with defficient ERCC6 [GeneID=2074] in response to hydrogen peroxide [PubChem=784].","peroxide"
"KYNG_RESPONSE_TO_H2O2_VIA_ERCC6_DN","Genes down-regulated in response to hydorgen peroxyde [PubChem=784] in CS-B cells (Cockaine syndrome fibroblast, CS) with defficient ERCC6 [GeneID=2074].","peroxyde"
"KYNG_RESPONSE_TO_H2O2_VIA_ERCC6_UP","Genes up-regulated in response to hydorgen peroxyde [PubChem=784] in CS-B cells (Cockaine syndrome fibroblast, CS) with defficient ERCC6 [GeneID=2074].","peroxyde"
"LEE_LIVER_CANCER_CIPROFIBRATE_DN","Genes down-regulated in hepatocellular carcinoma (HCC) induced by ciprofibrate [PubChem=2763].","ciprofibrate"
"LEE_LIVER_CANCER_CIPROFIBRATE_UP","Genes up-regulated in hepatocellular carcinoma (HCC) induced by ciprofibrate [PubChem=2763].","ciprofibrate"
"LEE_LIVER_CANCER_DENA_DN","Genes down-regulated in hepatocellular carcinoma (HCC) induced by diethylnitrosamine (DENA) [PubChem=5921].","(dena)"
"LEE_LIVER_CANCER_DENA_UP","Genes up-regulated in hepatocellular carcinoma (HCC) induced by diethylnitrosamine (DENA) [PubChem=5921].","(dena)"
"LE_NEURONAL_DIFFERENTIATION_DN","Genes down-regulated during neuronal differentiation of SH-SY5Y cells (neuroblastoma) in response to stimulation by tretinoin (all-trans retinoic acid, ATRA) [PubChem=444795] and BDNF [GeneID=627].","atra)"
"LE_NEURONAL_DIFFERENTIATION_UP","Genes up-regulated during neuronal differentiation of SH-SY5Y cells (neuroblastoma) in response to stimulation by tretinoin (all-trans retinoic acid, ATRA) [PubChem=444795] and BDNF [GeneID=627].","atra)"
"LIANG_SILENCED_BY_METHYLATION_2","Genes up-regulated in T24 cells (bladder carcinoma) after treatment with decitabine (5-aza-2'-deoxycytidine) [PubChem=451668].","(5-aza-2'-deoxycytidine)"
"LIANG_SILENCED_BY_METHYLATION_DN","Genes down-regulated in LD419 cells (fibroblast) after treatment with decitabine (5-aza-2'-deoxycytidine) [PubChem=451668].","(5-aza-2'-deoxycytidine)"
"LIANG_SILENCED_BY_METHYLATION_UP","Genes up-regulated in LD419 cells (fibroblast) after treatment with decitabine (5-aza-2'-deoxycytidine) [PubChem=451668].","(5-aza-2'-deoxycytidine)"
"LI_ADIPOGENESIS_BY_ACTIVATED_PPARG","Adipocyte genes induced in 3T3-L1 cells (adipocyte) by constitutively active PPARG [GeneID=5468] or its agonist, TZD [PubChem=5437].","tzd"
"LI_CISPLATIN_RESISTANCE_DN","Genes consistently down-regulated in ACRP cells (ovarian cancer, resistant to cisplatin [PubChem=2767]) compared to the parental sensitive A2780 cells, regardless of cisplatin exposure.","cisplatin"
"LI_CISPLATIN_RESISTANCE_UP","Genes consistently up-regulated in ACRP cells (ovarian cancer, resistant to cisplatin [PubChem=2767]) compared to the parental sensitive A2780 cells, regardless of cisplatin exposure.","cisplatin"
"LI_CYTIDINE_ANALOGS_CYCTOTOXICITY","Genes whose expression in a panel of lymphoblastoid cell lines was associated with cytotoxicity of the anti-cancer analogs of cytidine, gemcitabine and cytarabine [PubChem=596;3461;6253].","cytarabine"
"LI_CYTIDINE_ANALOG_PATHWAY","The 'cytidine analog pathway': genes involved in transport and metabolism of the anti-cancer analogs of cytidine: gemcitabine and cytarabine [PubChem=596;3461;6253].","cytarabine"
"LUDWICZEK_TREATING_IRON_OVERLOAD","Genes changed in liver in response to nifedipine [PubChem=4485] treatment of iron overload.","nifedipine"
"LUND_SILENCED_BY_METHYLATION","Genes up-regulated in FE-8 cells (fibroblasts) upon treatment with azacitidine [PubChem=9444].","azacitidine"
"MAHADEVAN_GIST_MORPHOLOGICAL_SWITCH","Genes up-regulated in the GIST (gastrointestinal stromal tumor) cell line resistant to imatinib [PubChem=5291] that may correlate with the morphological switch in these cells.","imatinib"
"MAHADEVAN_IMATINIB_RESISTANCE_DN","Top genes down-regulated in the GIST (gastrointestinal stromal tumor) cell line resistant to imatinib [PubChem=5291] compared to the parental cell line sensitive to the drug.","imatinib"
"MAHADEVAN_IMATINIB_RESISTANCE_UP","Top genes up-regulated in the GIST (gastrointestinal stromal tumor) cell line resistant to imatinib [PubChem=5291] compared to the parental cell line sensitive to the drug.","imatinib"
"MALIK_REPRESSED_BY_ESTROGEN","Genes consistently and robustly repressed by estradiol [PubChem=5757] in MCF7 cells (breast cancer); this reperession was prevented by fulvestrant [PubChem=3478439].","fulvestrant"
"MALONEY_RESPONSE_TO_17AAG_DN","Down-regulated genes in A2780 cells (ovarian cancer) treated with 17AAG [PubChem=6440175], a chemical with anticancer properties.","17aag"
"MALONEY_RESPONSE_TO_17AAG_UP","Up-regulated genes in A2780 cells (ovarian cancer) treated with 17AAG [PubChem=6440175], a chemical with anticancer properties.","17aag"
"MANN_RESPONSE_TO_AMIFOSTINE_DN","Genes down-regulated in HCT116 cells (colon cancer) after treatment with amifostine [PubChem=2141] depending on the presence of TP53 [GeneID=7157]: TP53-positive vs TP53-null cells.","amifostine"
"MANN_RESPONSE_TO_AMIFOSTINE_UP","Genes up-regulated in HCT116 cells (colon cancer) after treatment with amifostine [PubChem=2141] depending on the presence of TP53 [GeneID=7157]: TP53-positive vs TP53-null cells.","amifostine"
"MARCHINI_TRABECTEDIN_RESISTANCE_DN","Genes down-regulated in chondrosarcoma and ovarian carcinoma cell lines which developed resistance to trabectedin [PubChem=3199].","trabectedin"
"MARCHINI_TRABECTEDIN_RESISTANCE_UP","Genes up-regulated in chondrosarcoma and ovarian carcinoma cell lines which developed resistance to trabectedin [PubChem=3199].","trabectedin"
"MARCINIAK_ER_STRESS_RESPONSE_VIA_CHOP","Endoplasmic retuculum (ER) stress response (caused by  tunicamycin [PubChem=5282055]) genes dependent on CHOP [GeneID=13198].","tunicamycin"
"MARIADASON_REGULATED_BY_HISTONE_ACETYLATION_DN","Cluster 10: genes down-regulated in SW260 cells (colon cancer) by sodium butyrate and TSA [PubChem=5222465;5562] with the same kinetics with which each alters the level of histone H4 acetylation.","tsa"
"MARIADASON_REGULATED_BY_HISTONE_ACETYLATION_UP","Cluster 9: genes up-regulated in SW260 cells (colon cancer) by sodium butyrate and TSA [PubChem=5222465;5562] with the same kinetics with which each alters the level of histone H4 acetylation.","tsa"
"MARIADASON_RESPONSE_TO_BUTYRATE_CURCUMIN_SULINDAC_TSA_1","Cluster 1: genes up-regulated in SW260 cells (colon cancer) by sodium butyrate, curcumin, sulindac and TSA [PubChem=5222465;969516;5352;5562].","tsa"
"MARIADASON_RESPONSE_TO_BUTYRATE_CURCUMIN_SULINDAC_TSA_2","Cluster 2: genes up-regulated in SW260 cells (colon cancer) by sodium butyrate, curcumin, sulindac and TSA [PubChem=5222465;969516;5352;5562].","tsa"
"MARIADASON_RESPONSE_TO_BUTYRATE_CURCUMIN_SULINDAC_TSA_8","Cluster 8: genes down-regulated in SW260 cells (colon cancer) by sodium butyrate, curcumin, sulindac and TSA [PubChem=5222465;969516;5352;5562].","tsa"
"MARIADASON_RESPONSE_TO_BUTYRATE_SULINDAC_4","Cluster 4: genes down-regulated in SW260 cells (colon cancer) by sodium butyrate and sulindac [PubChem=5222465;5352].","sulindac"
"MARIADASON_RESPONSE_TO_BUTYRATE_SULINDAC_6","Cluster 6: genes down-regulated in SW260 cells (colon cancer) by sodium butyrate and sulindac [PubChem=5222465;5352].","sulindac"
"MARIADASON_RESPONSE_TO_CURCUMIN_SULINDAC_5","Cluster 5: genes up-regulated in SW260 cells (colon cancer) by curcumin and sulindac [PubChem=969516;5352].","sulindac"
"MARIADASON_RESPONSE_TO_CURCUMIN_SULINDAC_7","Cluster 7: genes up-regulated in SW260 cells (colon cancer) by curcumin and sulindac [PubChem=969516;5352].","sulindac"
"MARSON_BOUND_BY_FOXP3_STIMULATED","Genes with promoters bound by FOXP3 [GeneID=50943] in hybridoma cells stimulated by PMA [PubChem=4792] and ionomycin [PubChem=3733].","ionomycin"
"MARSON_FOXP3_TARGETS_STIMULATED_DN","Genes with promoters bound by FOXP3 [GeneID=50943], dependent on it, and down-regulated in hybridoma cells stimulated by PMA [PubChem=4792] and ionomycin [PubChem=3733].","ionomycin"
"MARSON_FOXP3_TARGETS_STIMULATED_UP","Genes with promoters bound by FOXP3 [GeneID=50943], dependent on it, and up-regulated in hybridoma cells stimulated by PMA [PubChem=4792] and ionomycin [PubChem=3733].","ionomycin"
"MARTENS_TRETINOIN_RESPONSE_DN","Genes down-regulated in NB4 cells (acute promyelocytic leukemia, APL) in response to tretinoin [PubChem=444795]; based on Chip-seq data.","tretinoin"
"MARTENS_TRETINOIN_RESPONSE_UP","Genes up-regulated in NB4 cells (acute promyelocytic leukemia, APL) in response to tretinoin [PubChem=444795]; based on Chip-seq data.","tretinoin"
"MARTINEZ_RESPONSE_TO_TRABECTEDIN","Genes down-regulated by trabectedin [PubChem=3199] and its synthetic analog phthalascidin Pt 650 in HCT116 cells (colon cancer).","trabectedin"
"MARTINEZ_RESPONSE_TO_TRABECTEDIN_DN","Genes down-regulated in at least 8 of 11 sarcoma cell lines by trabectedin [PubChem=3199].","trabectedin"
"MARTINEZ_RESPONSE_TO_TRABECTEDIN_UP","Genes up-regulated in at least 8 of 11 sarcoma cell lines by trabectedin [PubChem=3199].","trabectedin"
"MASRI_RESISTANCE_TO_TAMOXIFEN_AND_AROMATASE_INHIBITORS_DN","Genes down-regulated in derivatives of MCF-7aro cells (breast cancer) that developed resistance to tamoxifen [PubChem=5376] or  inhibitors of aromatase (CYP19A1) [GeneID=1588].","tamoxifen"
"MASRI_RESISTANCE_TO_TAMOXIFEN_AND_AROMATASE_INHIBITORS_UP","Genes up-regulated in derivatives of MCF-7aro cells (breast cancer) that developed resistance to tamoxifen [PubChem=5376] or  inhibitors of aromatase (CYP19A1) [GeneID=1588].","tamoxifen"
"MASSARWEH_RESPONSE_TO_ESTRADIOL","Genes rapidly up-regulated in breast cancer cell cultures by estradiol [PubChem=5757].","estradiol"
"MASSARWEH_TAMOXIFEN_RESISTANCE_DN","Genes down-regulated in breast cancer tumors (formed by MCF-7 xenografts) resistant to tamoxifen [PubChem=5376].","tamoxifen"
"MASSARWEH_TAMOXIFEN_RESISTANCE_UP","Genes up-regulated in breast cancer tumors (formed by MCF-7 xenografts) resistant to tamoxifen [PubChem=5376].","tamoxifen"
"MAYBURD_RESPONSE_TO_L663536_DN","Genes down-regulated in H720 cells (lung cancer) after treatment with L663536 (MK886) [PubChem=105049], an inhibitor of leukotriene biosynthesis.","(mk886)"
"MAYBURD_RESPONSE_TO_L663536_UP","Genes up-regulated in H720 cells (lung cancer) after treatment with L663536 (MK886) [PubChem=105049], an inhibitor of leukotriene biosynthesis.","(mk886)"
"MA_MYELOID_DIFFERENTIATION_DN","Genes down-regulated during myeloid differentiation induced by tretinoin (ATRA) [PubChem=444795] and IL3 [GeneID=3652] in the EML cell line (myeloid progenitor).","(atra)"
"MA_MYELOID_DIFFERENTIATION_UP","Genes up-regulated during myeloid differentiation induced by tretinoin (ATRA) [PubChem=444795] and IL3 [GeneID=3652] in the EML cell line (myeloid progenitor).","(atra)"
"MCCLUNG_COCAINE_REWARD_5D","Genes up-regulated in the nucleus accumbens (a major reward center in the brain) after 5 days of cocaine [PubChem=5760] treatment.","cocaine"
"MCCLUNG_COCAIN_REWARD_4WK","Genes up-regulated in the nucleus accumbens (a major reward center in the brain) after 4 weeks of cocaine [PubChem=5760] treatment.","cocaine"
"MCCOLLUM_GELDANAMYCIN_RESISTANCE_DN","Genes down-regulated in A549GARS cells (lung cancer) resistant to the geldanamycin and 17-AAG [PubChem=5476289;6440175].","17-aag"
"MCCOLLUM_GELDANAMYCIN_RESISTANCE_UP","Genes up-regulated in A549GARS cells (lung cancer) resistant to the geldanamycin and 17-AAG [PubChem=5476289;6440175].","17-aag"
"MCDOWELL_ACUTE_LUNG_INJURY_DN","Genes down-regulated in the mouse model of acute lung injury induced by inhaling nickel sulfate [PubChem=24586].","sulfate"
"MCDOWELL_ACUTE_LUNG_INJURY_UP","Genes up-regulated in the mouse model of acute lung injury induced by inhaling nickel sulfate [PubChem=24586].","sulfate"
"MIKHAYLOVA_OXIDATIVE_STRESS_RESPONSE_VIA_VHL_DN","Proteins significantly repressed by oxidative stress (hydrogen peroxide [PubChem=784] in 786-O cells (renal clear cell carcinoma, RCC) expressing VHL [GeneID=7428].","peroxide"
"MIKHAYLOVA_OXIDATIVE_STRESS_RESPONSE_VIA_VHL_UP","Proteins significantly induced by oxidative stress (hydrogen peroxide [PubChem=784] in 786-O cells (renal clear cell carcinoma, RCC) expressing VHL [GeneID=7428].","peroxide"
"MILI_PSEUDOPODIA","Transcripts significantly enriched in pseudopodia of NIH/3T3 cells (fibroblast) in response to both chemotactic (lysophosphatidic acid, LPA [PubChem=3988]) and haptotactic (fibronectin, FN1 [GeneID=2335) migratory stimuli.","lpa"
"MILI_PSEUDOPODIA_CHEMOTAXIS_DN","Transcripts depleted in pseudopodia of NIH/3T3 cells (fibroblast) in response to the chemotactic migration stimulus by lysophosphatidic acid (LPA) [PubChem=3988].","(lpa)"
"MILI_PSEUDOPODIA_CHEMOTAXIS_UP","Transcripts enriched in pseudopodia of NIH/3T3 cells (fibroblast) in response to the chemotactic migration stimulus by lysophosphatidic acid (LPA) [PubChem=3988].","(lpa)"
"MISSIAGLIA_REGULATED_BY_METHYLATION_DN","Genes down-regulated in PaCa44 and CFPAC1 cells (pancreatic cancer) after treatment with decitabine [PubChem=451668], a DNA hypomethylating agent similar to azacitidine [PubChem=9444].","azacitidine"
"MISSIAGLIA_REGULATED_BY_METHYLATION_UP","Genes up-regulated in PaCa44 and CFPAC1 cells (pancreatic cancer) after treatment with decitabine [PubChem=451668], a DNA hypomethylating agent similar to azacitidine [PubChem=9444].","azacitidine"
"MITSIADES_RESPONSE_TO_APLIDIN_DN","Genes down-regulated in the MM1S cells (multiple myeloma) after treatment with aplidin [PubChem=44152164], a marine-derived compound with potential anti-cancer properties.","aplidin"
"MITSIADES_RESPONSE_TO_APLIDIN_UP","Genes up-regulated in the MM1S cells (multiple myeloma) after treatment with aplidin [PubChem=44152164], a marine-derived compound with potential anti-cancer properties.","aplidin"
"MOREIRA_RESPONSE_TO_TSA_DN","Down-regulated in CD4+ [GeneID=920] T lymphocytes after 4 h treatment with 100 nM TSA [PubChem=5562].","tsa"
"MOREIRA_RESPONSE_TO_TSA_UP","Up-regulated in CD4+ [GeneID=920] T lymphocytes after 4 h treatment with 100 nM TSA [PubChem=5562].","tsa"
"MOTAMED_RESPONSE_TO_ANDROGEN_DN","Genes down-regulated in ovarian epithelial cells in response to dihydrotestosterone (DHT) [PubChem=10635].","(dht)"
"MOTAMED_RESPONSE_TO_ANDROGEN_UP","Genes up-regulated in ovarian epithelial cells in response to dihydrotestosterone (DHT) [PubChem=10635].","(dht)"
"MUELLER_METHYLATED_IN_GLIOBLASTOMA","Genes up-regulated in short-term cultured glioblastomas after azacitidine [PubChem=9444] treatment.","azacitidine"
"NELSON_RESPONSE_TO_ANDROGEN_DN","Genes down-regulated in LNCaP cells (prostate cancer) in response to synthetic androgen R1881 [PubChem=13766].","r1881"
"NELSON_RESPONSE_TO_ANDROGEN_UP","Genes up-regulated in LNCaP cells (prostate cancer) in response to synthetic androgen R1881 [PubChem=13766].","r1881"
"NOUZOVA_TRETINOIN_AND_H4_ACETYLATION","Genes whose CpG islands showed greatly increased histone H4 acetylation in NB4 cells (acute promyelocytic leukemia, APL) upon treatment with tretinoin [PubChem=444795].","tretinoin"
"NUNODA_RESPONSE_TO_DASATINIB_IMATINIB_DN","Genes down-regulated in K562 cells (bone marrow) after treatment with dasatinib [PubChem=3062316] or imatinib [PubChem=5291].","imatinib"
"NUNODA_RESPONSE_TO_DASATINIB_IMATINIB_UP","Genes up-regulated in K562 cells (bone marrow) after treatment with dasatinib [PubChem=3062316] or imatinib [PubChem=5291].","imatinib"
"PARK_OSTEOBLAST_DIFFERENTIATION_BY_PHENYLAMIL_DN","Genes down-regulated in M2-10B4 cells (osteoblast) in response to phenylamil [PubChem=4755].","phenylamil"
"PARK_OSTEOBLAST_DIFFERENTIATION_BY_PHENYLAMIL_UP","Genes up-regulated in M2-10B4 cells (osteoblast) in response to phenylamil [PubChem=4755].","phenylamil"
"PARK_TRETINOIN_RESPONSE","Genes up-regulated in U937 cells (acute promyelocytic leukemia, APL) by tretinoin (ATRA) [PubChem=444795].","(atra)"
"PARK_TRETINOIN_RESPONSE_AND_PML_RARA_FUSION","Genes up-regulated by tretinoin (ATRA) [PubChem=444795] in U937 cells (acute promyelocytic leukemia, APL) made sensitive to the drug by expression of the PML-RARA fusion [GeneID=5371;5914].","(atra)"
"PARK_TRETINOIN_RESPONSE_AND_RARA_PLZF_FUSION","Genes up-regulated by tretinoin (ATRA) [PubChem=444795] in U937 cells (acute promyelocytic leukemia, APL) made resistant to the drug by expression of the PLZF-RARA fusion [GeneID=7704, 5914].","(atra)"
"PEART_HDAC_PROLIFERATION_CLUSTER_DN","Cell proliferation genes down-regulated by histone deacetylase (HDAC) inhibitors SAHA and depsipeptide [PubChem=5311;5352062].","depsipeptide"
"PEART_HDAC_PROLIFERATION_CLUSTER_UP","Cell proliferation genes up-regulated by histone deacetylase (HDAC) inhibitors SAHA and depsipeptide [PubChem=5311;5352062].","depsipeptide"
"PELLICCIOTTA_HDAC_IN_ANTIGEN_PRESENTATION_DN","Antigen processing and presentation genes down-regulated in JY cells (B lymphocytes) treated with trichostatin A (TSA) [PubChem=5562].","(tsa)"
"PELLICCIOTTA_HDAC_IN_ANTIGEN_PRESENTATION_UP","Antigen processing and presentation genes up-regulated in JY cells (B lymphocytes) treated with TSA [PubChem=5562].","tsa"
"PODAR_RESPONSE_TO_ADAPHOSTIN_DN","Down-regulated genes in MM1.S cells (multiple myeloma) treated with adaphostin [PubChem=387042], a tyrosine kinase inhibitor with anticancer properties.","adaphostin"
"PODAR_RESPONSE_TO_ADAPHOSTIN_UP","Up-regulated genes in MM1.S cells (multiple myeloma) treated with adaphostin [PubChem=387042], a tyrosine kinase inhibitor with anticancer properties.","adaphostin"
"POS_HISTAMINE_RESPONSE_NETWORK","Genes corresponding to the histamine [PubChem=774] response network.","histamine"
"POS_RESPONSE_TO_HISTAMINE_DN","Genes gradually down-regulated by histamine [PubChem=774] in B16-F10 melanoma tumors.","histamine"
"POS_RESPONSE_TO_HISTAMINE_UP","Genes gradually up-regulated by histamine [PubChem=774] in B16-F10 melanoma tumors.","histamine"
"REICHERT_G1S_REGULATORS_AS_PI3K_TARGETS","G1 to S phase regulators significantly changed in DanG cells (pancreatic cancer) treated with Ly294002 [PubChem=3973], a phosphoinositide 3-kinase (PI3K) inhibitor.","ly294002"
"RIGGINS_TAMOXIFEN_RESISTANCE_DN","Genes down-regulated SUM44/LCCTam cells (breast cancer) resistant to 4-hydroxytamoxifen [PubChem=63062] relative to the parental SUM44 cells sensitive to the drug.","4-hydroxytamoxifen"
"RIGGINS_TAMOXIFEN_RESISTANCE_UP","Genes up-regulated SUM44/LCCTam cells (breast cancer) resistant to 4-hydroxytamoxifen [PubChem=63062] relative to the parental SUM44 cells sensitive to the drug.","4-hydroxytamoxifen"
"RUAN_RESPONSE_TO_TNF_TROGLITAZONE_DN","Adipocyte abundant genes down-regulated in 3T3-L1 cells (fibroblasts induced to differentiate to adipocytes) in response to troglitazone [PubChem=5591] and TNF [GeneID=7124].","troglitazone"
"RUAN_RESPONSE_TO_TNF_TROGLITAZONE_UP","Adipocyte abundant genes up-regulated in 3T3-L1 cells (fibroblasts induced to differentiate to adipocytes) in response to troglitazone [PubChem=5591] and TNF [GeneID=7124].","troglitazone"
"RUAN_RESPONSE_TO_TROGLITAZONE_DN","Adipocyte abundant genes down-regulated in 3T3-L1 cells (fibroblasts induced to differentiate to adipocytes) in response to troglitazone [PubChem=5591].","troglitazone"
"RUAN_RESPONSE_TO_TROGLITAZONE_UP","Adipocyte abundant genes up-regulated in 3T3-L1 cells (fibroblasts induced to differentiate to adipocytes) in response to troglitazone [PubChem=5591].","troglitazone"
"SANDERSON_PPARA_TARGETS","Hepatic genes regulated by fasting or in response to WY14643 [PubChem=5694] and which require intact PPARA [GeneID=5465].","wy14643"
"SASSON_RESPONSE_TO_FORSKOLIN_DN","Genes down-regulated in primary granulosa cells in response to forskolin [PubChem=47936].","forskolin"
"SASSON_RESPONSE_TO_FORSKOLIN_UP","Genes up-regulated in primary granulosa cells in response to forskolin [PubChem=47936].","forskolin"
"SATO_SILENCED_BY_DEACETYLATION_IN_PANCREATIC_CANCER","50 most interesting genes up-regulated in pancreatic cancer cell lines (AsPC1, Hs766T, MiaPaCa2, Panc1) but not in the non-neoplastic cells (HPDE) by TSA [PubChem=5562].","tsa"
"SATO_SILENCED_BY_METHYLATION_IN_PANCREATIC_CANCER_1","Genes up-regulated in the pancreatic cancer cell lines (AsPC1, Hs766T, MiaPaCa2, Panc1) but not in the non-neoplastic cells (HPDE) by decitabine (5-aza-2'-deoxycytidine) [PubChem=451668].","(5-aza-2'-deoxycytidine)"
"SATO_SILENCED_BY_METHYLATION_IN_PANCREATIC_CANCER_2","50 most interesting genes up-regulated in the pancreatic cancer cell lines (AsPC1, Hs766T, MiaPaCa2, Panc1) but not in the non-neoplastic cells (HPDE) by decitabine (5-aza-2'-deoxycytidine) [PubChem=451668].","(5-aza-2'-deoxycytidine)"
"SATO_SILENCED_EPIGENETICALLY_IN_PANCREATIC_CANCER","50 genes up-regulated in the pancreatic cancer cell lines (AsPC1, Hs766T, MiaPaCa2, Panc1) but not in the non-neoplastic cells (HPDE) by the combination of decitabine  and TSA [PubChem=451668;5562].","tsa"
"SCHAEFFER_PROSTATE_DEVELOPMENT_12HR_DN","Genes down-regulated in the urogenital sinus (UGS) of day E16 females exposed to the androgen dihydrotestosterone [PubChem=10635] for 12 h.","dihydrotestosterone"
"SCHAEFFER_PROSTATE_DEVELOPMENT_12HR_UP","Genes up-regulated in the urogenital sinus (UGS) of day E16 females exposed to the androgen dihydrotestosterone [PubChem=10635] for 12 h.","dihydrotestosterone"
"SCHAEFFER_PROSTATE_DEVELOPMENT_48HR_DN","Genes down-regulated in the urogenital sinus (UGS) of day E16 females exposed to the androgen dihydrotestosterone [PubChem=10635] for 48 h.","dihydrotestosterone"
"SCHAEFFER_PROSTATE_DEVELOPMENT_48HR_UP","Genes up-regulated in the urogenital sinus (UGS) of day E16 females exposed to the androgen dihydrotestosterone [PubChem=10635] for 48 h.","dihydrotestosterone"
"SCHAEFFER_PROSTATE_DEVELOPMENT_6HR_DN","Genes down-regulated in the urogenital sinus (UGS) of day E16 females exposed to the androgen dihydrotestosterone [PubChem=10635] for 6 h.","dihydrotestosterone"
"SCHAEFFER_PROSTATE_DEVELOPMENT_6HR_UP","Genes up-regulated in the urogenital sinus (UGS) of day E16 females exposed to the androgen dihydrotestosterone [PubChem=10635] for 6 h.","dihydrotestosterone"
"SCHAEFFER_PROSTATE_DEVELOPMENT_AND_CANCER_BOX1_DN","Early prostate development genes (down-regulated at 6 h dihydrotestosterone [PubChem=10635]) which are also down-regulated in normal epithelium vs high grade prostatic intraepithelial neoplasia (PIN).","dihydrotestosterone"
"SCHAEFFER_PROSTATE_DEVELOPMENT_AND_CANCER_BOX1_UP","Early prostate development genes (up-regulated at 6 h dihydrotestosterone [PubChem=10635]) which are also up-regulated in normal epithelium vs high grade prostatic intraepithelial neoplasia (PIN).","dihydrotestosterone"
"SCHAEFFER_PROSTATE_DEVELOPMENT_AND_CANCER_BOX2_DN","Early prostate development genes (down-regulated at 6 hr dihydrotestosterone [PubChem=10635]) which are also down-regulated in high grade prostatic intraepithelial neoplasia (PIN) vs invasive cancer.","dihydrotestosterone"
"SCHAEFFER_PROSTATE_DEVELOPMENT_AND_CANCER_BOX2_UP","Early prostate development genes (up-regulated at 6 hr dihydrotestosterone [PubChem=10635]) which are also up-regulated in high grade prostatic intraepithelial neoplasia (PIN) vs invasive cancer.","dihydrotestosterone"
"SCHAEFFER_PROSTATE_DEVELOPMENT_AND_CANCER_BOX3","Early prostate development genes (up-regulated at 6 hr dihydrotestosterone [PubChem=10635]) which are also up-regulated in lower grade vs higher grade locally invasive prostate cancers.","dihydrotestosterone"
"SCHAEFFER_PROSTATE_DEVELOPMENT_AND_CANCER_BOX4_DN","Early prostate development genes (down-regulated at 6 hr dihydrotestosterone [PubChem=10635]) which are also down-regulated in localized vs metastatic prostate cancers.","dihydrotestosterone"
"SCHAEFFER_PROSTATE_DEVELOPMENT_AND_CANCER_BOX4_UP","Early prostate development genes (up-regulated at 6 hr dihydrotestosterone [PubChem=10635]) which are also up-regulated in localized vs metastatic prostate cancers.","dihydrotestosterone"
"SCHAEFFER_PROSTATE_DEVELOPMENT_AND_CANCER_BOX5_DN","Early prostate development genes (down-regulated at 12 hr dihydrotestosterone [PubChem=10635]) which are also down-regulated in high grade prostatic intraepithelial neoplasia (PIN) vs invasive cancer.","dihydrotestosterone"
"SCHAEFFER_PROSTATE_DEVELOPMENT_AND_CANCER_BOX5_UP","Early prostate development genes (up-regulated at 12 hr dihydrotestosterone [PubChem=10635]) which are also up-regulated in high grade prostatic intraepithelial neoplasia (PIN) vs invasive cancer.","dihydrotestosterone"
"SCHAEFFER_PROSTATE_DEVELOPMENT_AND_CANCER_BOX6_DN","Early prostate development genes (down-regulated at 48 hr dihydrotestosterone [PubChem=10635]) which are also down-regulated in high grade prostatic intraepithelial neoplasia (PIN) vs invasive cancer.","dihydrotestosterone"
"SCHAEFFER_PROSTATE_DEVELOPMENT_AND_CANCER_BOX6_UP","Early prostate development genes (up-regulated at 48 hr dihydrotestosterone [PubChem=10635]) which are also up-regulated in high grade prostatic intraepithelial neoplasia (PIN) vs invasive cancer.","dihydrotestosterone"
"SCHLINGEMANN_SKIN_CARCINOGENESIS_TPA_DN","Down-regulated in murine dorsal skin cells at 6 h after treatment with the phorbol ester carcinogen TPA [PubChem=4792].","tpa"
"SCHLINGEMANN_SKIN_CARCINOGENESIS_TPA_UP","Up-regulated in murine dorsal skin cells at 6 h after treatment with the phorbol ester carcinogen TPA [PubChem=4792].","tpa"
"STAMBOLSKY_RESPONSE_TO_VITAMIN_D3_DN","Genes repressed in SKBR3 cells (breast cancer) by 25-hydroxyvitamin D3 [PubChem=1593].","d3"
"STAMBOLSKY_RESPONSE_TO_VITAMIN_D3_UP","Genes induced in SKBR3 cells (breast cancer) by 25-hydroxyvitamin D3 [PubChem=1593].","d3"
"STEARMAN_LUNG_CANCER_EARLY_VS_LATE_DN","Down-regulated genes classifying non-tumor lung tissues by age after incution of lung cancer by urethane injection [PubChem=5641]: early (24-26 weeks) vs late (46 weeks).","injection"
"STEARMAN_LUNG_CANCER_EARLY_VS_LATE_UP","Up-regulated genes classifying non-tumor lung tissues by age after incution of lung cancer by urethane injection [PubChem=5641]: early (24-26 weeks) vs late (46 weeks).","injection"
"STEIN_ESRRA_TARGETS_RESPONSIVE_TO_ESTROGEN_DN","Genes down-regulated by estradiol [PubChem=5757] and down-regulated by ESRRA [GeneID=2101] in MCF-7 cells (breast cancer).","estradiol"
"STEIN_ESRRA_TARGETS_RESPONSIVE_TO_ESTROGEN_UP","Genes up-regulated by estradiol [PubChem=5757] and up-regulated by ESRRA [GeneID=2101] in MCF-7 cells (breast cancer).","estradiol"
"STEIN_ESTROGEN_RESPONSE_NOT_VIA_ESRRA","Genes up-regulated by estradiol [PubChem=5757] and not modulated by ESRRA [GeneID=2101] in MCF-7 cells (breast cancer).","estradiol"
"STONER_ESOPHAGEAL_CARCINOGENESIS_DN","Genes down-regulated in esophagus by the carcinogen NMBA [PubChem=13643] and brought back to normal by a diet with PEITC [PubChem=16741] or black raspberries.","peitc"
"STONER_ESOPHAGEAL_CARCINOGENESIS_UP","Genes up-regulated in esophagus by the carcinogen NMBA [PubChem=13643] and brought back to normal by a diet with PEITC [PubChem=16741] or black raspberries.","peitc"
"STOSSI_RESPONSE_TO_ESTRADIOL","Genes up-regulated by estradiol (E2) [PubChem=5757] in U2OS cells (osteosarcoma) expressing ESR1 or ESR2 [GeneID=2099;2100].","(e2)"
"SUBTIL_PROGESTIN_TARGETS","Genes responding to progestin R5020 [PubChem=36709] treatment of T47D-MTVL cells (breast cancer).","r5020"
"SUZUKI_RESPONSE_TO_TSA","Genes up-regulated by TSA alone [PubChem=5562], with non-hypermethylated promoters, in RKO cells (colorectal cancer).","alone"
"SUZUKI_RESPONSE_TO_TSA_AND_DECITABINE_1A","Genes basally silent, with hypermethylated promoters, up-regulated by the combination of TSA and decitabine [PubChem=5562;451668] in RKO cells (colorectal cancer).","decitabine"
"SUZUKI_RESPONSE_TO_TSA_AND_DECITABINE_1B","Genes with some basal expression and partially methylated promoters, up-regulated by the combination of TSA and decitabine [PubChem=5562;451668] in RKO cells (colorectal cancer).","decitabine"
"SYED_ESTRADIOL_RESPONSE","Genes responsive to estradiol [PubChem=5757] both in normal and cancer ovarian cell lines.","estradiol"
"TAKAYAMA_BOUND_BY_AR","Genes whose promoters bound AR [GeneID=367] in LNCaP cells (prostate cancer) after exposure to the synthetic androgen R1881 [PubChem=13766], based on ChIP-chip analysis.","r1881"
"TESAR_ALK_AND_JAK_TARGETS_MOUSE_ES_D4_DN","Genes down-regulated in mES cells (mouse embryonic stem cells) after tratment with the ALK [GeneID=238] inhibitor SB-431542 and JAK inhibitor I [PubChem=4521392;5494425].","i"
"TESAR_ALK_AND_JAK_TARGETS_MOUSE_ES_D4_UP","Genes up-regulated in mES cells (mouse embryonic stem cells) after tratment with the ALK [GeneID=238] inhibitor SB-431542 and JAK inhibitor I [PubChem=4521392;5494425].","i"
"TESAR_ALK_TARGETS_EPISC_3D_UP","Genes up-regulated in EpiSC cells (mouse epiblast embryonic stem cells) after treatment with the ALK [GeneID=238] inhibitor SB-431542 [PubChem=4521392].","sb-431542"
"TESAR_ALK_TARGETS_EPISC_4D_UP","Genes up-regulated in EpiSC cells (epiblast stem cells) after treatment with the ALK [GeneID=238] inhibitor SB-431542 [PubChem=4521392].","sb-431542"
"TESAR_ALK_TARGETS_HUMAN_ES_4D_DN","Genes down-regulated in hES cells (human embryonic stem cells) after treatment with the ALK [GeneID=238] inhibitor SB-431542 [PubChem=16079008].","sb-431542"
"TESAR_ALK_TARGETS_HUMAN_ES_5D_DN","Genes down-regulated in hES cells (human embryonic stem cells) after treatment with the ALK [GeneID=238] inhibitor SB-431542 [PubChem=4521392].","sb-431542"
"TESAR_ALK_TARGETS_HUMAN_ES_5D_UP","Genes up-regulated in hES cells (human embryonic stem cells) after treatment with the ALK [GeneID=238] inhibitor SB-431542 [PubChem=4521392].","sb-431542"
"TESAR_JAK_TARGETS_MOUSE_ES_D3_DN","Genes down-regulated in mES cells (mouse embryonic stem cells) after tratment with JAK inhibitor I [PubChem=5494425].","i"
"TOOKER_GEMCITABINE_RESISTANCE_DN","Down-regulated genes in Calu3 cells (non-small cell lung cancer, NSCLC) resistant to gemcitabine [PubChem=3461] which became up-regulated in response to bexarotene [PubChem=82146].","bexarotene"
"TOOKER_GEMCITABINE_RESISTANCE_UP","Up-regulated genes in Calu3 cells (non-small cell lung cancer, NSCLC) resistant to gemcitabine [PubChem=3461] which became down-regulated in response to bexarotene [PubChem=82146].","bexarotene"
"TSUNODA_CISPLATIN_RESISTANCE_DN","Genes down-regulated in bladder cancer cells resistant to cisplatin [PubChem=2767] compared to the parental cells sensitive to the drug.","cisplatin"
"TSUNODA_CISPLATIN_RESISTANCE_UP","Genes up-regulated in bladder cancer cells resistant to cisplatin [PubChem=2767] compared to the parental cells sensitive to the drug.","cisplatin"
"UROSEVIC_RESPONSE_TO_IMIQUIMOD","Interferon cluster genes up-regulated in skin tumors treated with imiquimod [PubChem=57469].","imiquimod"
"UZONYI_RESPONSE_TO_LEUKOTRIENE_AND_THROMBIN","Genes up-regulated in HUVEC cells (primary endothelium) after stimulation with leukotriene LTD4 [PubChem=3908] or thrombin (F2) [GeneID=2147] for 1 h.","ltd4"
"VERNOCHET_ADIPOGENESIS","Genes up-regulated during adipogenic differentiation of 3T3-L1 cells (preadipocyte) and down-regulated by troglitazone [PubChem=5591].","troglitazone"
"WANG_CISPLATIN_RESPONSE_AND_XPC_DN","Genes down-regulated in fibroblasts with defective XPC [GeneID=7508] in response to cisplatin [PubChem=2767].","cisplatin"
"WANG_CISPLATIN_RESPONSE_AND_XPC_UP","Genes up-regulated in fibroblasts with defective XPC [GeneID=7508] in response to cisplatin [PubChem=2767].","cisplatin"
"WANG_METHYLATED_IN_BREAST_CANCER","Genes up-regulated in MDA468 cells (breast cancer) vs DU99 cells (normal breast) after treatment with azacytidine [PubChem=9444].","azacytidine"
"WANG_RESPONSE_TO_ANDROGEN_UP","Genes up-regulated in LNCaP cells (prostate cancer) treated with synthetic androgen R1881 [PubChem=13766].","r1881"
"WANG_RESPONSE_TO_BEXAROTENE_DN","Genes down-regulated in the mouse lung cancer model and which reverted to normal levels upon treatment with bexarotene [PubChem=82146].","bexarotene"
"WANG_RESPONSE_TO_BEXAROTENE_UP","Genes up-regulated in the mouse lung cancer model and which reverted to normal levels upon treatment with bexarotene [PubChem=82146].","bexarotene"
"WANG_RESPONSE_TO_FORSKOLIN_DN","Genes down-regulated in LNCaP cells (prostate cancer) treated with forskolin [PubChem=47936], an activator of PKA pathway.","forskolin"
"WANG_RESPONSE_TO_FORSKOLIN_UP","Genes up-regulated in LNCaP cells (prostate cancer) treated with forskolin [PubChem=47936], an activator of PKA pathway.","forskolin"
"WANG_RESPONSE_TO_GSK3_INHIBITOR_SB216763_DN","Genes down-regulated in RS4;11 cells (MLL, mixed lineage leukemia) in response to SB216763 [PubChem=176158], an inhibitor of GSK3B [GeneID=2932].","sb216763"
"WANG_RESPONSE_TO_GSK3_INHIBITOR_SB216763_UP","Genes up-regulated in RS4;11 cells (MLL, mixed lineage leukemia) in response to SB216763 [PubChem=176158], an inhibitor of GSK3B [GeneID=2932].","sb216763"
"WEIGEL_OXIDATIVE_STRESS_BY_HNE_AND_H2O2","Oxidative stress genes down-regulated in ARPE-19 cells (retinal pigmented epithelium) in response to HNE and H2O2 [PubChem=5283344;784].","h2o2"
"WEIGEL_OXIDATIVE_STRESS_BY_HNE_AND_TBH","Oxidative stress genes down-regulated in ARPE-19 cells (retinal pigmented epithelium) in response to HNE and tBH [PubChem=5283344;6410].","tbh"
"WEIGEL_OXIDATIVE_STRESS_BY_TBH_AND_H2O2","Oxidative stress genes down-regulated in ARPE-19 cells (retinal pigmented epithelium) in response to tert-butyl hydroperoxide (tBH) and H2O2 [PubChem=6410;784].","h2o2"
"WEIGEL_OXIDATIVE_STRESS_RESPONSE","Oxidative stress genes down-regulated in ARPE-19 cells (retinal pigmented epithelium) in response to HNE, tBH and H2O2 [PubChem=5283344;6410;784].","h2o2"
"WELCH_GATA1_TARGETS","Genes up-regulated after GATA1 [GeneID=2623] activation in G1E-ER4 cells (erythroid precursors engineered to express GATA1 upon addition of estradiol [PubChem=5757]).","estradiol"
"WHITEHURST_PACLITAXEL_SENSITIVITY","Genes that reduced viability of NCI-H1155 cells (non-small-cell lung cancer, NSCLC) in the presence of otherwise sublethal concentrations of paclitaxel [PubChem=4666], based on RNAi synthetic lethal screen.","paclitaxel"
"WHITESIDE_CISPLATIN_RESISTANCE_DN","Genes down-regulated in NCI-H2170 cells (lung cancer) upon induction of resistance to cisplatin [PubChem=2767].","cisplatin"
"WHITESIDE_CISPLATIN_RESISTANCE_UP","Genes up-regulated in NCI-H2170 cells (lung cancer) upon induction of resistance to cisplatin [PubChem=2767].","cisplatin"
"WILCOX_RESPONSE_TO_PROGESTERONE_DN","Genes down-regulated in primary cultures of ovarian surface epithlium cells exposed to progesterone [PubChem=5994] for 5 days.","progesterone"
"WILCOX_RESPONSE_TO_PROGESTERONE_UP","Genes up-regulated in primary cultures of ovarian surface epithlium cells exposed to progesterone [PubChem=5994] for 5 days.","progesterone"
"WILENSKY_RESPONSE_TO_DARAPLADIB","Atherosclerotic process genes whose coronary expression changed after darapladib [PubChem=9939609] treatment.","darapladib"
"WILLIAMS_ESR1_TARGETS_DN","The 'ER-alpha profile': genes down-regulated in T47D cells (breast cancer, ESR2 [GeneID=2100] Tet-Off) upon activation of ESR1 [GeneID=2099] by estradiol (E2) [PubChem=5757].","(e2)"
"WILLIAMS_ESR1_TARGETS_UP","The 'ER-alpha profile': genes up-regulated in T47D cells (breast cancer, ESR2 [GeneID=2100] Tet-Off) upon activation of ESR1 [GeneID=2099] by estradiol (E2) [PubChem=5757].","(e2)"
"WUNDER_INFLAMMATORY_RESPONSE_AND_CHOLESTEROL_DN","Genes down-regulated in gastric mucosal tissue of mice on 2% cholesterol [PubChem=5997] diet and infected with H. pylori vs those infected with H. pylori while on 0% cholesterol diet.","cholesterol"
"WUNDER_INFLAMMATORY_RESPONSE_AND_CHOLESTEROL_UP","Genes up-regulated in gastric mucosal tissue of mice on 2% cholesterol [PubChem=5997] diet and infected with H. pylori vs those infected with H. pylori while on 0% cholesterol diet.","cholesterol"
"XU_RESPONSE_TO_TRETINOIN_AND_NSC682994_DN","Genes down-regulated synergistically in NB4 cells (acute promyelocytic leukemia, APL) by tretinoin and NSC682994 [PubChem=444795;388304].","nsc682994"
"XU_RESPONSE_TO_TRETINOIN_AND_NSC682994_UP","Genes up-regulated synergistically in NB4 cells (acute promyelocytic leukemia, APL) by tretinoin and NSC682994 [PubChem=444795;388304].","nsc682994"
"XU_RESPONSE_TO_TRETINOIN_DN","Genes down-regulated in NB4 cells (acute promyelocytic leukemia, APL) by tretinoin [PubChem=444795] alone.","tretinoin"
"XU_RESPONSE_TO_TRETINOIN_UP","Genes up-regulated in NB4 cells (acute promyelocytic leukemia, APL) by tretinoin [PubChem=444795] alone.","tretinoin"
"YAMASHITA_METHYLATED_IN_PROSTATE_CANCER","Genes up-regulated in prostate cancer cell lines after treatment with 5-aza-2'-deoxycytidine (decitabine) [PubChem=451668].","(decitabine)"
"YAO_HOXA10_TARGETS_VIA_PROGESTERONE_DN","Genes down-regulated in the uteri of ovariectomized mice 6 h after progesterone [PubChem=5994] injection: HOXA10 [GeneID=3206] knockout vs wild type animals.","progesterone"
"YAO_HOXA10_TARGETS_VIA_PROGESTERONE_UP","Genes up-regulated in the uteri of ovariectomized mice 6 h after progesterone [PubChem=5994] injection: HOXA10 [GeneID=3206] knockout vs wild type animals.","progesterone"
"YAO_TEMPORAL_RESPONSE_TO_PROGESTERONE_CLUSTER_0","Genes co-regulated in uterus during a time course response to progesterone [PubChem=5994]: SOM cluster 0.","progesterone"
"YAO_TEMPORAL_RESPONSE_TO_PROGESTERONE_CLUSTER_1","Genes co-regulated in uterus during a time course response to progesterone [PubChem=5994]: SOM cluster 1.","progesterone"
"YAO_TEMPORAL_RESPONSE_TO_PROGESTERONE_CLUSTER_10","Genes co-regulated in uterus during a time course response to progesterone [PubChem=5994]: SOM cluster 10.","progesterone"
"YAO_TEMPORAL_RESPONSE_TO_PROGESTERONE_CLUSTER_11","Genes co-regulated in uterus during a time course response to progesterone [PubChem=5994]: SOM cluster 11.","progesterone"
"YAO_TEMPORAL_RESPONSE_TO_PROGESTERONE_CLUSTER_12","Genes co-regulated in uterus during a time course response to progesterone [PubChem=5994]: SOM cluster 12.","progesterone"
"YAO_TEMPORAL_RESPONSE_TO_PROGESTERONE_CLUSTER_13","Genes co-regulated in uterus during a time course response to progesterone [PubChem=5994]: SOM cluster 13.","progesterone"
"YAO_TEMPORAL_RESPONSE_TO_PROGESTERONE_CLUSTER_14","Genes co-regulated in uterus during a time course response to progesterone [PubChem=5994]: SOM cluster 14.","progesterone"
"YAO_TEMPORAL_RESPONSE_TO_PROGESTERONE_CLUSTER_15","Genes co-regulated in uterus during a time course response to progesterone [PubChem=5994]: SOM cluster 15.","progesterone"
"YAO_TEMPORAL_RESPONSE_TO_PROGESTERONE_CLUSTER_16","Genes co-regulated in uterus during a time course response to progesterone [PubChem=5994]: SOM cluster 16.","progesterone"
"YAO_TEMPORAL_RESPONSE_TO_PROGESTERONE_CLUSTER_17","Genes co-regulated in uterus during a time course response to progesterone [PubChem=5994]: SOM cluster 17.","progesterone"
"YAO_TEMPORAL_RESPONSE_TO_PROGESTERONE_CLUSTER_2","Genes co-regulated in uterus during a time course response to progesterone [PubChem=5994]: SOM cluster 2.","progesterone"
"YAO_TEMPORAL_RESPONSE_TO_PROGESTERONE_CLUSTER_3","Genes co-regulated in uterus during a time course response to progesterone [PubChem=5994]: SOM cluster 3.","progesterone"
"YAO_TEMPORAL_RESPONSE_TO_PROGESTERONE_CLUSTER_4","Genes co-regulated in uterus during a time course response to progesterone [PubChem=5994]: SOM cluster 4.","progesterone"
"YAO_TEMPORAL_RESPONSE_TO_PROGESTERONE_CLUSTER_5","Genes co-regulated in uterus during a time course response to progesterone [PubChem=5994]: SOM cluster 5.","progesterone"
"YAO_TEMPORAL_RESPONSE_TO_PROGESTERONE_CLUSTER_6","Genes co-regulated in uterus during a time course response to progesterone [PubChem=5994]: SOM cluster 6.","progesterone"
"YAO_TEMPORAL_RESPONSE_TO_PROGESTERONE_CLUSTER_7","Genes co-regulated in uterus during a time course response to progesterone [PubChem=5994]: SOM cluster 7.","progesterone"
"YAO_TEMPORAL_RESPONSE_TO_PROGESTERONE_CLUSTER_8","Genes co-regulated in uterus during a time course response to progesterone [PubChem=5994]: SOM cluster 8.","progesterone"
"YAO_TEMPORAL_RESPONSE_TO_PROGESTERONE_CLUSTER_9","Genes co-regulated in uterus during a time course response to progesterone [PubChem=5994]: SOM cluster 9.","progesterone"
"YIH_RESPONSE_TO_ARSENITE_C1","Genes in cluster 1: strongly up-regulated in HFW cells (fibroblast) upon treatment with sodium arsenite [PubChem=26435] at all time points.","arsenite"
"YIH_RESPONSE_TO_ARSENITE_C2","Genes in cluster 2: moderately up-regulated in HFW cells (fibroblast) upon treatment with sodium arsenite [PubChem=26435] at all time points.","arsenite"
"YIH_RESPONSE_TO_ARSENITE_C3","Genes in cluster 3: delayed up-regulation in HFW cells (fibroblast) by sodium arsenite [PubChem=26435].","arsenite"
"YIH_RESPONSE_TO_ARSENITE_C4","Genes in cluster 4: immediate down-regulation in HFW cells (fibroblast) by sodium arsenite [PubChem=26435].","arsenite"
"YIH_RESPONSE_TO_ARSENITE_C5","Genes in cluster 5: slowly down-regulated in HFW cells (fibroblast) by sodium arsenite [PubChem=26435].","arsenite"
"ZERBINI_RESPONSE_TO_SULINDAC_DN","Selected genes down-regulated in DU145 and PC-3 cells (prostate cancer) after treatment with the NSAID (non-steroid anti-inflammatory drug) sulindac [PubChem=5352].","sulindac"
"ZERBINI_RESPONSE_TO_SULINDAC_UP","Selected genes up-regulated in DU145 and PC-3 cells (prostate cancer) after treatment with the NSAID (non-steroid anti-inflammatory drug) sulindac [PubChem=5352].","sulindac"
"ZHANG_ANTIVIRAL_RESPONSE_TO_RIBAVIRIN_DN","Genes up-regulated in A549 cells (lung carcinoma) upon infection with RSV (respiratory syncytial virus) and down-regulated by further treatment with ribavirin [PubChem=5064].","ribavirin"
"ZHANG_ANTIVIRAL_RESPONSE_TO_RIBAVIRIN_UP","Genes up-regulated in A549 cells (lung carcinoma) upon infection with RSV (respiratory syncytial virus) and up-regulated by further treatment with ribavirin [PubChem=5064].","ribavirin"
"ZHANG_RESPONSE_TO_CANTHARIDIN_DN","Genes down-regulated in HL-60 cells (promyeloid leukemia) by cantharidin [PubChem=6708701].","cantharidin"
"ZHANG_RESPONSE_TO_CANTHARIDIN_UP","Genes up-regulated in HL-60 cells (promyeloid leukemia) by cantharidin [PubChem=6708701].","cantharidin"
"ZHENG_RESPONSE_TO_ARSENITE_DN","Down-regulated in HEK293 cells (kidney epithelium) by treatment with sodium arsenite [PubChem=26435].","arsenite"
"ZHENG_RESPONSE_TO_ARSENITE_UP","Up-regulated in HEK293 cells (kidney epithelium) by treatment with sodium arsenite [PubChem=26435].","arsenite"
"ZHONG_RESPONSE_TO_AZACITIDINE_AND_TSA_DN","Genes down-regulated in 3 out of 4 NSCLC cell lines (non-small cell lung cancer) after treatment with azacitidine [PubChem=9444] and TSA [PubChem=5562].","tsa"
"ZHONG_RESPONSE_TO_AZACITIDINE_AND_TSA_UP","Genes up-regulated in 3 out of 4 NSCLC cell lines (non-small cell lung cancer) after treatment with azacitidine [PubChem=9444] and TSA [PubChem=5562].","tsa"
"ZIRN_TRETINOIN_RESPONSE_DN","Genes down-regulated in MS427 cells (Wilms tumor with normal WT1 [GeneID=7490]) after treatment with 10 microM tretinoin (ATRA) [PubChem=444795] for 24 h.","(atra)"
"ZIRN_TRETINOIN_RESPONSE_UP","Genes up-regulated in MS427 cells (Wilms tumor with normal WT1 [GeneID=7490]) after treatment with 10 microM tretinoin (ATRA) [PubChem=444795] for 24 h.","(atra)"
"ZIRN_TRETINOIN_RESPONSE_WT1_DN","Genes down-regulated in MZ128 cells (Wilms tumor with mutated WT1 [GeneID=7490]) after treatment with 10 microM tretinoin (ATRA) [PubChem=444795] for 24 h.","(atra)"
"ZIRN_TRETINOIN_RESPONSE_WT1_UP","Genes up-regulated in MZ128 cells (Wilms tumor with mutated WT1 [GeneID=7490]) after treatment with 10 microM tretinoin (ATRA) [PubChem=444795] for 24 h.","(atra)"
